,Annual_Premium
2630,1093
31351,5
37513,4
69856,4
38744,4
29164,4
26798,3
28738,3
38815,3
33727,3
31667,3
39170,3
33564,3
38176,3
30820,3
28975,3
27925,3
37337,3
27604,3
33825,3
36282,3
40522,3
26872,3
29866,3
38323,2
44520,2
30187,2
31426,2
46064,2
26097,2
32211,2
26822,2
31146,2
28108,2
38678,2
25302,2
40446,2
30207,2
28047,2
38367,2
29036,2
29380,2
28570,2
43828,2
34257,2
34560,2
29495,2
39491,2
34332,2
31414,2
33779,2
36601,2
38011,2
35846,2
37882,2
28853,2
44912,2
44512,2
35135,2
31279,2
35518,2
47906,2
28505,2
35916,2
28781,2
37599,2
28236,2
41392,2
24101,2
50238,2
36273,2
28884,2
26831,2
32318,2
42603,2
40556,2
42058,2
30114,2
61028,2
30311,2
24827,2
35742,2
31807,2
33006,2
29142,2
33889,2
29170,2
35708,2
34592,2
30944,2
37005,2
40464,2
38417,2
33696,2
25310,2
37128,2
37600,2
30534,2
33747,2
35224,2
42436,2
33743,2
51821,2
37914,2
30840,2
34628,2
35920,2
39060,2
40679,2
35296,2
49741,2
37484,2
37766,2
36086,2
44681,2
35234,2
28301,2
35302,2
23447,2
36098,2
41379,2
25918,2
31358,2
47420,2
27960,2
32016,2
39462,2
29426,2
25113,2
43895,2
29985,2
30031,2
46271,2
31813,2
29284,2
27244,2
35206,2
32430,2
21923,2
23794,2
45652,2
48389,2
23728,2
34022,2
44642,2
24939,2
26584,2
29984,2
29033,2
23110,2
38089,2
33127,2
32307,2
28265,2
46355,2
27935,2
29410,2
49685,2
31156,2
28566,2
34193,2
34516,2
30502,2
33815,2
34163,2
35312,2
31764,2
34520,2
41612,2
33261,2
29338,2
35308,2
47570,2
35801,2
30115,2
24958,2
33807,2
41940,2
30084,2
27804,2
37536,2
30091,2
54619,2
33214,2
29203,2
29859,2
27084,2
26914,2
27152,2
29382,2
33414,2
24247,2
27970,2
31683,2
31905,2
37309,2
33194,2
31407,2
22953,2
34177,2
28036,2
30045,2
31395,2
35231,2
28306,2
35273,2
45790,2
36994,2
41777,2
83979,2
46410,2
53070,2
21826,2
37067,2
43005,2
36860,2
37713,2
33211,2
47095,2
36149,2
36041,2
39592,2
39833,2
30392,2
32558,2
23462,2
36057,2
31532,2
37481,2
24489,2
28450,2
34152,2
27458,2
24841,2
44000,2
38977,2
36803,2
31895,2
46881,2
33025,2
30686,2
31899,2
44842,2
38866,2
33013,2
30451,2
29700,2
35691,2
35800,2
25231,2
44856,2
28601,2
30564,2
37465,2
52967,2
36814,2
43065,2
34908,2
34771,2
35530,2
45094,2
30693,2
36838,2
37767,2
29039,2
26728,2
26362,2
26854,2
32509,2
40972,2
30731,2
30595,2
27889,2
36129,2
33439,2
33621,2
39672,2
27277,2
42385,2
36762,2
32809,2
32876,2
38114,2
25514,2
32685,2
31460,2
44872,2
57393,2
32856,2
24729,2
37533,2
35629,2
55358,2
32833,2
35196,2
25747,2
33810,2
36733,2
54975,2
35116,2
26392,2
28191,2
37170,2
29463,2
27490,2
30744,2
24944,2
37895,2
30853,2
29459,2
33392,2
40335,2
33060,2
41011,2
30740,2
30728,2
34469,2
45382,2
48219,2
31766,2
24222,2
39981,2
35145,2
37437,2
37020,2
24730,2
24258,2
26775,2
31777,2
50021,2
29830,2
31769,2
41746,2
29683,2
45526,2
35603,2
34468,2
33355,2
24956,2
34639,1
29283,1
37603,1
32460,1
27396,1
37479,1
21674,1
27728,1
28611,1
31458,1
47962,1
41573,1
29311,1
78679,1
76416,1
53999,1
45791,1
37507,1
30403,1
21747,1
33413,1
29547,1
41709,1
25453,1
19391,1
23258,1
41721,1
27236,1
29451,1
27364,1
25317,1
23286,1
39662,1
39534,1
29539,1
27492,1
27372,1
41725,1
31586,1
37491,1
43636,1
55942,1
47870,1
37627,1
32032,1
33397,1
43872,1
37495,1
43632,1
33637,1
43640,1
35432,1
49647,1
39546,1
62207,1
37499,1
33405,1
27388,1
27484,1
64358,1
45803,1
31826,1
27404,1
88746,1
37551,1
47999,1
27440,1
82713,1
35500,1
22966,1
29355,1
41641,1
21331,1
25285,1
35576,1
41809,1
33589,1
19112,1
45879,1
37575,1
33739,1
34641,1
41653,1
21275,1
33573,1
41665,1
23330,1
21287,1
35624,1
27324,1
29371,1
25112,1
27226,1
64170,1
25373,1
35628,1
26694,1
35612,1
29367,1
28648,1
23318,1
25401,1
27464,1
32113,1
47762,1
27280,1
33204,1
39566,1
36157,1
29519,1
36406,1
37583,1
21127,1
62123,1
41685,1
52048,1
58193,1
41745,1
39630,1
31386,1
37411,1
41629,1
45883,1
41789,1
43720,1
41749,1
36380,1
41098,1
35648,1
47938,1
35492,1
19148,1
31394,1
37699,1
21151,1
39698,1
21922,1
39730,1
30717,1
27232,1
29944,1
43899,1
26916,1
28971,1
41257,1
28967,1
35108,1
53539,1
33057,1
26912,1
31006,1
41245,1
43292,1
71962,1
43284,1
68181,1
44597,1
55570,1
37135,1
43211,1
28939,1
33033,1
28935,1
24837,1
37123,1
30978,1
45311,1
37111,1
30966,1
40266,1
33081,1
34709,1
47446,1
59339,1
41112,1
43368,1
39270,1
42073,1
53603,1
41313,1
43360,1
31070,1
41309,1
26972,1
28710,1
43352,1
24917,1
22842,1
43348,1
45395,1
24913,1
35152,1
41944,1
26956,1
37195,1
59121,1
33093,1
36842,1
26470,1
27871,1
28991,1
26328,1
20719,1
26992,1
46283,1
30261,1
30882,1
32526,1
30878,1
24733,1
34972,1
37015,1
22678,1
24721,1
34960,1
33374,1
39054,1
24717,1
20619,1
30886,1
22666,1
41097,1
26760,1
39212,1
28802,1
47234,1
32897,1
26752,1
20607,1
32893,1
94331,1
34277,1
32889,1
32933,1
37031,1
18668,1
24781,1
30950,1
32997,1
45283,1
20987,1
43232,1
41181,1
26844,1
49369,1
43224,1
41173,1
23989,1
48684,1
37071,1
24777,1
43180,1
28871,1
47056,1
44413,1
22722,1
67776,1
26812,1
30906,1
41145,1
34864,1
39094,1
41141,1
32945,1
53423,1
53615,1
29043,1
36813,1
27148,1
39099,1
37415,1
45603,1
51744,1
37407,1
27164,1
29211,1
36572,1
51197,1
55826,1
33297,1
23054,1
33293,1
47626,1
35372,1
31787,1
31238,1
35332,1
44136,1
33281,1
76288,1
23038,1
27132,1
45563,1
48775,1
41465,1
45559,1
39414,1
33321,1
30234,1
39406,1
29251,1
68188,1
23130,1
49753,1
27224,1
45655,1
19028,1
31314,1
29263,1
25165,1
27212,1
45643,1
37447,1
82501,1
42405,1
27184,1
35392,1
37439,1
31294,1
41533,1
43580,1
45627,1
31290,1
23916,1
35384,1
21047,1
31286,1
41525,1
37661,1
35316,1
53739,1
26996,1
34742,1
35835,1
33185,1
18848,1
37279,1
47518,1
41373,1
27036,1
29083,1
33177,1
70039,1
37267,1
47502,1
41016,1
29406,1
61863,1
20871,1
39302,1
33157,1
67416,1
24961,1
20863,1
33149,1
59772,1
29051,1
39290,1
51576,1
29047,1
33141,1
68004,1
35240,1
47594,1
33229,1
33257,1
20967,1
39398,1
33253,1
35300,1
37343,1
53580,1
40483,1
78299,1
31190,1
35284,1
31186,1
27088,1
35276,1
36132,1
43202,1
37319,1
35268,1
22978,1
31865,1
26785,1
41405,1
18876,1
41401,1
35256,1
39350,1
20911,1
31150,1
50477,1
34032,1
33653,1
40502,1
22103,1
24150,1
34389,1
28244,1
22099,1
24146,1
43707,1
44616,1
22087,1
44612,1
30275,1
45207,1
20032,1
30263,1
28212,1
35781,1
46643,1
34353,1
24667,1
33292,1
30251,1
26153,1
44584,1
30247,1
28196,1
36384,1
46623,1
28080,1
34237,1
42521,1
36440,1
26201,1
40538,1
52828,1
49007,1
50638,1
24214,1
26261,1
28308,1
46313,1
32398,1
32394,1
42633,1
26245,1
28292,1
38531,1
40578,1
22143,1
32382,1
32378,1
50809,1
22135,1
26229,1
36468,1
49789,1
19421,1
46703,1
24083,1
40554,1
22115,1
40546,1
22111,1
40542,1
34105,1
41921,1
50041,1
21247,1
41971,1
40986,1
42429,1
44476,1
37698,1
38327,1
23986,1
19888,1
41456,1
32174,1
30123,1
32170,1
34217,1
17262,1
26021,1
38419,1
53785,1
23970,1
34209,1
28064,1
23966,1
29394,1
21915,1
48538,1
49337,1
38295,1
34197,1
44436,1
30099,1
38495,1
28100,1
26053,1
26057,1
44492,1
42513,1
46607,1
32270,1
29374,1
48862,1
38403,1
33773,1
26113,1
28160,1
42493,1
57277,1
61925,1
52728,1
29344,1
34285,1
25436,1
56503,1
40666,1
19940,1
33302,1
58845,1
36316,1
40410,1
28120,1
32214,1
34636,1
60930,1
52688,1
32206,1
44700,1
34461,1
36520,1
32566,1
42825,1
40774,1
42821,1
36676,1
35448,1
57154,1
26433,1
28480,1
30527,1
48958,1
34621,1
34123,1
24378,1
34617,1
329525,1
30379,1
46899,1
81714,1
31539,1
26413,1
28460,1
32554,1
26409,1
14073,1
34597,1
36644,1
32546,1
34593,1
22303,1
24350,1
22347,1
65358,1
46050,1
29215,1
32642,1
30591,1
40830,1
25277,1
37107,1
28536,1
30583,1
24438,1
25878,1
34278,1
42865,1
36720,1
38767,1
26477,1
44908,1
30571,1
26473,1
36712,1
46951,1
59237,1
26465,1
46943,1
40798,1
30239,1
26457,1
20312,1
42837,1
40786,1
26449,1
46926,1
32534,1
48311,1
30431,1
52956,1
32474,1
41264,1
28031,1
38611,1
39945,1
28368,1
24270,1
34509,1
61132,1
32906,1
32458,1
50889,1
34629,1
32454,1
26309,1
38595,1
32442,1
28352,1
20378,1
28348,1
40634,1
42677,1
24242,1
41828,1
28336,1
30383,1
57006,1
42669,1
68001,1
34529,1
44864,1
32482,1
31439,1
36624,1
48910,1
44812,1
44440,1
24330,1
36616,1
55047,1
30467,1
48898,1
44800,1
30463,1
31607,1
46323,1
26361,1
28408,1
34549,1
19422,1
34545,1
28400,1
38639,1
24302,1
28305,1
30443,1
26441,1
45362,1
28392,1
32486,1
36580,1
21986,1
48526,1
34185,1
37919,1
26434,1
46135,1
35892,1
51458,1
47196,1
25735,1
78895,1
21898,1
46123,1
33833,1
29735,1
45481,1
58405,1
32591,1
33821,1
58497,1
49241,1
31770,1
25625,1
37911,1
33813,1
44052,1
37907,1
58385,1
28791,1
31758,1
25609,1
27656,1
25605,1
29699,1
35900,1
33857,1
44100,1
31814,1
60612,1
40058,1
33913,1
54391,1
46195,1
27955,1
27760,1
21615,1
44632,1
33901,1
48234,1
35285,1
46183,1
24731,1
42514,1
27906,1
27744,1
37983,1
23646,1
35932,1
38561,1
33881,1
42069,1
29673,1
50369,1
66641,1
36069,1
25149,1
27720,1
28672,1
49422,1
29691,1
29623,1
68532,1
70941,1
40055,1
37799,1
33701,1
50690,1
39842,1
25505,1
29599,1
72606,1
41885,1
32336,1
43928,1
29591,1
31638,1
30624,1
31634,1
47232,1
43920,1
31008,1
31630,1
27532,1
29579,1
48010,1
34796,1
41861,1
62335,1
39806,1
48985,1
41909,1
25447,1
26911,1
25381,1
33785,1
40524,1
64498,1
66545,1
35824,1
41130,1
48110,1
41965,1
37867,1
31722,1
29671,1
37859,1
40425,1
33757,1
30211,1
31706,1
33753,1
39894,1
56274,1
22342,1
29647,1
33741,1
46027,1
23494,1
25541,1
34230,1
68787,1
50113,1
35776,1
27776,1
23682,1
24035,1
68900,1
50485,1
27956,1
48407,1
42289,1
44336,1
29999,1
40238,1
31244,1
27948,1
38187,1
40234,1
33030,1
64806,1
27353,1
30175,1
29827,1
33136,1
23838,1
33809,1
54555,1
42265,1
27924,1
28377,1
38792,1
29967,1
32014,1
38155,1
40095,1
34845,1
54535,1
32054,1
41166,1
50489,1
40254,1
48518,1
27536,1
32130,1
34886,1
49511,1
30075,1
21879,1
48730,1
34241,1
50545,1
38251,1
39236,1
32102,1
42341,1
30051,1
48482,1
25953,1
44384,1
30047,1
27996,1
32090,1
46423,1
27988,1
48458,1
25929,1
36168,1
44356,1
23874,1
42305,1
32006,1
29955,1
18536,1
27832,1
40118,1
25781,1
36020,1
33512,1
67912,1
95407,1
48680,1
40106,1
58537,1
38981,1
29863,1
40102,1
39426,1
41979,1
28949,1
31902,1
50333,1
35996,1
23706,1
44438,1
27800,1
24375,1
44180,1
26163,1
38031,1
31886,1
40074,1
27784,1
35972,1
38071,1
23738,1
27904,1
60604,1
38186,1
27900,1
48450,1
44280,1
42229,1
18136,1
48366,1
44268,1
21739,1
31510,1
25825,1
47521,1
47651,1
23770,1
25817,1
29911,1
32181,1
31954,1
60624,1
38289,1
38091,1
99529,1
27848,1
32846,1
27844,1
25218,1
15554,1
33985,1
31934,1
34936,1
28621,1
30838,1
49294,1
37634,1
51969,1
47871,1
37630,1
51965,1
38287,1
45818,1
35577,1
33528,1
39671,1
45814,1
35573,1
38770,1
39559,1
27373,1
25348,1
42784,1
25320,1
35676,1
51941,1
21214,1
39643,1
68313,1
23316,1
60152,1
29819,1
23247,1
43725,1
37578,1
60105,1
31491,1
37642,1
35521,1
31531,1
33652,1
21314,1
27457,1
40015,1
37690,1
35641,1
39735,1
47923,1
34240,1
19249,1
33584,1
29486,1
43821,1
33580,1
29482,1
27977,1
27433,1
47911,1
54054,1
27429,1
45858,1
29470,1
27421,1
31511,1
43692,1
19221,1
45842,1
35601,1
31686,1
41740,1
31479,1
23231,1
29254,1
45666,1
29310,1
33404,1
100985,1
27253,1
41584,1
23151,1
27245,1
49772,1
39531,1
29290,1
49768,1
55911,1
37478,1
57956,1
27233,1
37510,1
47711,1
35421,1
25180,1
53850,1
27225,1
23127,1
35413,1
49748,1
51663,1
26632,1
41548,1
64075,1
37450,1
25160,1
76417,1
31367,1
37566,1
43685,1
35517,1
25276,1
53072,1
49848,1
55991,1
43701,1
29507,1
49281,1
53938,1
62126,1
33452,1
39595,1
39930,1
41640,1
20779,1
49800,1
39583,1
29342,1
25270,1
31387,1
27289,1
33432,1
39575,1
29334,1
21822,1
33428,1
27497,1
53600,1
37514,1
60041,1
49026,1
43845,1
45894,1
23551,1
35865,1
33816,1
35632,1
29718,1
23571,1
29714,1
52241,1
25616,1
31759,1
29710,1
35849,1
56678,1
27649,1
25600,1
41980,1
48159,1
35833,1
34929,1
31735,1
27637,1
31731,1
50160,1
28193,1
35908,1
49977,1
61893,1
29670,1
44005,1
89059,1
21474,1
29726,1
46114,1
47947,1
25656,1
29778,1
58448,1
25998,1
27725,1
33868,1
27004,1
35783,1
31815,1
62534,1
53464,1
37954,1
19521,1
37950,1
21562,1
23607,1
39971,1
35893,1
33844,1
48179,1
21554,1
60465,1
33840,1
31791,1
46126,1
27693,1
27893,1
39979,1
27689,1
27685,1
64125,1
39903,1
27613,1
24181,1
58224,1
54154,1
33672,1
50052,1
29570,1
43905,1
31615,1
29566,1
23419,1
42685,1
41848,1
23415,1
19317,1
41844,1
27505,1
37742,1
56283,1
41470,1
35689,1
50024,1
47975,1
29542,1
68453,1
25444,1
36454,1
19297,1
45918,1
30297,1
39771,1
47315,1
70482,1
39819,1
45966,1
23439,1
35729,1
115672,1
37846,1
52181,1
25556,1
37842,1
26226,1
31695,1
27597,1
36798,1
22031,1
37830,1
27589,1
42049,1
35777,1
30924,1
33724,1
29626,1
29618,1
48533,1
31663,1
33708,1
33700,1
39843,1
45986,1
58272,1
37790,1
37786,1
35737,1
33684,1
36165,1
45634,1
25692,1
32964,1
22747,1
45274,1
39535,1
41176,1
45851,1
35029,1
30931,1
41168,1
22735,1
61646,1
35021,1
16588,1
28874,1
35017,1
26312,1
28898,1
39103,1
28862,1
35005,1
30907,1
61626,1
51385,1
41144,1
22711,1
26801,1
22703,1
46051,1
32940,1
39083,1
43177,1
43229,1
30947,1
33319,1
30979,1
51493,1
37154,1
34988,1
39191,1
56077,1
35093,1
41236,1
47379,1
30528,1
30991,1
36811,1
28938,1
37126,1
43269,1
28930,1
40606,1
35073,1
57600,1
55551,1
35069,1
33020,1
20730,1
24820,1
51441,1
30959,1
27155,1
41196,1
26857,1
24808,1
43237,1
22695,1
30353,1
29246,1
41012,1
37731,1
28746,1
34889,1
41032,1
47252,1
28742,1
33738,1
49220,1
24640,1
30779,1
45114,1
32824,1
30775,1
34869,1
41008,1
54412,1
32812,1
28714,1
26665,1
38947,1
36898,1
38943,1
41444,1
51680,1
49176,1
61458,1
38927,1
25615,1
20486,1
18437,1
30799,1
51281,1
43169,1
26749,1
41116,1
20634,1
51353,1
32920,1
45034,1
28822,1
41108,1
21464,1
37288,1
34924,1
82060,1
50030,1
22659,1
34945,1
98428,1
22615,1
30843,1
43125,1
34799,1
53362,1
27506,1
47215,1
34925,1
39019,1
36970,1
34917,1
30819,1
16480,1
55391,1
59481,1
45354,1
88363,1
24393,1
38097,1
43513,1
53920,1
49652,1
31219,1
35313,1
57840,1
55791,1
20974,1
33260,1
47595,1
45546,1
27113,1
23015,1
61926,1
37346,1
31227,1
25056,1
70110,1
33244,1
37338,1
51057,1
27093,1
53329,1
29138,1
51665,1
27085,1
26990,1
29130,1
28571,1
47375,1
34093,1
43517,1
57349,1
29206,1
31291,1
27193,1
35373,1
27173,1
31267,1
47099,1
27169,1
33312,1
47647,1
29214,1
35357,1
35353,1
33304,1
31255,1
34813,1
20990,1
23059,1
35968,1
41488,1
23055,1
35341,1
41484,1
47627,1
45578,1
35337,1
39427,1
29186,1
35329,1
33280,1
31231,1
25024,1
37310,1
29114,1
31051,1
43377,1
29038,1
35594,1
31083,1
24936,1
31079,1
35173,1
35591,1
29018,1
37206,1
31059,1
35153,1
41296,1
26957,1
57672,1
35236,1
47431,1
24952,1
39235,1
35137,1
39231,1
35133,1
22843,1
35129,1
28982,1
35125,1
41268,1
31027,1
24880,1
43714,1
29042,1
57716,1
41336,1
35193,1
38541,1
57780,1
47535,1
64254,1
31147,1
38483,1
36300,1
27041,1
51558,1
47519,1
23087,1
74140,1
31131,1
41368,1
55703,1
37270,1
57748,1
68205,1
31119,1
45454,1
33164,1
31115,1
39303,1
29062,1
33156,1
27133,1
20522,1
45438,1
46416,1
35929,1
37982,1
49269,1
32527,1
34604,1
40747,1
28457,1
34600,1
24359,1
46886,1
28453,1
70954,1
22298,1
42776,1
44821,1
32531,1
46866,1
50960,1
30478,1
46062,1
44813,1
26380,1
38666,1
36617,1
32519,1
28421,1
46045,1
36609,1
40703,1
63230,1
45282,1
32545,1
71418,1
50936,1
36653,1
36657,1
18825,1
35775,1
38758,1
37352,1
48286,1
40803,1
30562,1
28513,1
36203,1
28509,1
40795,1
27293,1
30550,1
59738,1
32163,1
40783,1
26367,1
46898,1
59197,1
40779,1
46922,1
20297,1
34632,1
48967,1
49924,1
30530,1
31823,1
38718,1
40763,1
40759,1
28469,1
23975,1
44789,1
36540,1
24179,1
42644,1
36529,1
58361,1
36525,1
34476,1
40619,1
45704,1
30374,1
59044,1
48803,1
34464,1
56991,1
40603,1
21668,1
36501,1
24211,1
24907,1
25630,1
32399,1
23329,1
40587,1
40583,1
45319,1
30068,1
22146,1
28289,1
52861,1
42620,1
73339,1
29625,1
24183,1
54962,1
28349,1
38642,1
56913,1
34544,1
24303,1
26231,1
36589,1
33341,1
46826,1
38692,1
30570,1
35388,1
22242,1
69345,1
32479,1
50414,1
38618,1
46806,1
34496,1
36565,1
24275,1
54994,1
34512,1
53963,1
22222,1
33781,1
30410,1
59080,1
24263,1
22214,1
61125,1
42692,1
77845,1
34154,1
36849,1
38762,1
79878,1
45087,1
32797,1
43036,1
25326,1
30746,1
32793,1
45908,1
40981,1
20495,1
36192,1
28683,1
38922,1
43016,1
44622,1
24581,1
24385,1
32769,1
26624,1
40959,1
41445,1
28665,1
34808,1
28657,1
34800,1
25584,1
45037,1
42988,1
30698,1
44731,1
27780,1
24735,1
49189,1
24427,1
43096,1
26740,1
36979,1
24685,1
35646,1
35215,1
45159,1
26537,1
24677,1
28771,1
47202,1
32865,1
26720,1
36959,1
41049,1
39468,1
22566,1
34896,1
35210,1
30794,1
53312,1
41029,1
32386,1
26680,1
45111,1
67636,1
28723,1
30770,1
43056,1
30766,1
41022,1
26596,1
32739,1
47074,1
22410,1
47006,1
34716,1
36194,1
34712,1
32663,1
30614,1
50342,1
26516,1
57235,1
35365,1
34704,1
38798,1
44941,1
49035,1
30598,1
26592,1
25078,1
32643,1
38786,1
34688,1
32639,1
78269,1
46970,1
63866,1
50029,1
37342,1
44895,1
44913,1
40815,1
36717,1
24479,1
42912,1
36769,1
24630,1
40927,1
42968,1
30678,1
28629,1
38325,1
26576,1
22478,1
18338,1
26572,1
34760,1
36805,1
26564,1
32707,1
30658,1
28609,1
42944,1
49087,1
45720,1
40891,1
30153,1
27654,1
38838,1
36789,1
31662,1
44977,1
34736,1
36781,1
22442,1
81831,1
30326,1
38751,1
52321,1
53136,1
40219,1
29978,1
36121,1
34072,1
32023,1
33079,1
38162,1
34064,1
41386,1
52493,1
39341,1
37931,1
32007,1
44293,1
29954,1
66848,1
27905,1
48524,1
36093,1
27897,1
23088,1
29942,1
44277,1
25844,1
47860,1
66800,1
29621,1
46318,1
27885,1
29930,1
38174,1
21794,1
31580,1
32646,1
44393,1
32103,1
40291,1
21858,1
28001,1
40287,1
57973,1
42328,1
21724,1
21846,1
32083,1
21838,1
44365,1
36169,1
32255,1
23843,1
27973,1
30014,1
27965,1
38202,1
29239,1
56627,1
52529,1
38190,1
27949,1
24174,1
29994,1
40270,1
19749,1
58660,1
26069,1
52453,1
50800,1
21626,1
54426,1
54422,1
44181,1
38030,1
25890,1
23691,1
29834,1
19593,1
42120,1
23687,1
52357,1
41262,1
35965,1
31867,1
44153,1
42144,1
25720,1
48247,1
29814,1
36930,1
48243,1
45356,1
28179,1
31851,1
29802,1
32123,1
29798,1
52325,1
31843,1
37986,1
60188,1
60577,1
40163,1
42176,1
52449,1
25824,1
31967,1
23734,1
46294,1
25812,1
31955,1
21714,1
44241,1
31951,1
42188,1
42184,1
89287,1
62662,1
31935,1
40099,1
29886,1
27837,1
35710,1
51389,1
38122,1
36021,1
33972,1
25269,1
36017,1
25776,1
37234,1
33964,1
39744,1
29862,1
38250,1
42741,1
32111,1
38418,1
30254,1
40358,1
22058,1
63014,1
34340,1
32291,1
38907,1
60961,1
32287,1
43492,1
60957,1
26140,1
38426,1
32275,1
36369,1
30258,1
42512,1
33143,1
19981,1
42392,1
28165,1
26116,1
24067,1
42496,1
27718,1
46490,1
34300,1
24059,1
27371,1
30198,1
20017,1
36405,1
38258,1
30294,1
28708,1
42604,1
38506,1
26216,1
32359,1
36453,1
26212,1
25162,1
30644,1
24159,1
18012,1
48731,1
30298,1
32343,1
36437,1
40503,1
48025,1
36433,1
32335,1
72004,1
34768,1
28189,1
23379,1
38466,1
28225,1
24127,1
34364,1
31204,1
30266,1
32108,1
36341,1
34292,1
29292,1
21902,1
34216,1
32167,1
37631,1
28069,1
23971,1
36257,1
42400,1
44620,1
26012,1
23963,1
30106,1
28057,1
34200,1
26000,1
109965,1
26440,1
25996,1
54666,1
34184,1
40327,1
30559,1
25267,1
44417,1
32127,1
38270,1
34942,1
25980,1
40315,1
40077,1
56691,1
39678,1
54706,1
45479,1
46518,1
32239,1
30190,1
56811,1
63347,1
22350,1
32330,1
46562,1
19937,1
36615,1
21982,1
39560,1
34268,1
32219,1
35118,1
46889,1
21966,1
44493,1
32203,1
38346,1
28105,1
30150,1
41290,1
48307,1
50624,1
47191,1
26044,1
30138,1
31250,1
52090,1
24454,1
60225,1
28552,1
23148,1
45665,1
27234,1
55908,1
29285,1
41575,1
43626,1
53869,1
44058,1
27246,1
33391,1
32051,1
33395,1
39540,1
43642,1
57221,1
26357,1
53849,1
33367,1
49498,1
47700,1
25171,1
34939,1
37457,1
55888,1
39497,1
21065,1
31304,1
33351,1
29253,1
41539,1
29249,1
49787,1
29313,1
41603,1
45729,1
37565,1
31420,1
40154,1
23432,1
23224,1
29365,1
33459,1
72008,1
45967,1
53929,1
47784,1
58023,1
27302,1
51874,1
23200,1
39556,1
27737,1
33435,1
28717,1
29337,1
43670,1
39572,1
41619,1
43662,1
26422,1
32027,1
49803,1
35310,1
35462,1
36556,1
23104,1
41535,1
51774,1
45537,1
39585,1
24253,1
49659,1
31224,1
49655,1
46710,1
29169,1
41455,1
174574,1
56388,1
27114,1
27110,1
53733,1
72164,1
20266,1
45569,1
40090,1
25051,1
26982,1
31192,1
35139,1
36945,1
25043,1
25039,1
37325,1
39888,1
28347,1
25031,1
29125,1
31168,1
41471,1
27138,1
33339,1
49691,1
37433,1
43574,1
29800,1
39472,1
24972,1
31276,1
27178,1
41511,1
45605,1
68130,1
20708,1
25465,1
41503,1
51742,1
27162,1
49667,1
37401,1
31256,1
23060,1
33299,1
21009,1
38128,1
18633,1
39436,1
33291,1
29193,1
23048,1
57863,1
49293,1
31236,1
25279,1
53953,1
25019,1
31604,1
40221,1
47980,1
37741,1
25565,1
32570,1
35698,1
27510,1
35522,1
25463,1
27514,1
33659,1
27518,1
31620,1
33540,1
66407,1
27494,1
39652,1
72544,1
25439,1
44427,1
23388,1
62297,1
23384,1
27478,1
35162,1
39764,1
19282,1
19096,1
31568,1
25423,1
39756,1
31624,1
45961,1
39820,1
27574,1
31696,1
35790,1
47298,1
35786,1
29641,1
43974,1
46017,1
54205,1
31676,1
41915,1
27578,1
22948,1
41543,1
33719,1
35762,1
39475,1
50095,1
68526,1
78765,1
31660,1
37801,1
39848,1
19366,1
31652,1
31644,1
39832,1
19774,1
43922,1
29585,1
32087,1
37705,1
25415,1
23364,1
78569,1
30030,1
41727,1
43774,1
31189,1
35578,1
29433,1
35574,1
31476,1
49907,1
29425,1
39664,1
58095,1
68334,1
49227,1
53165,1
34555,1
34711,1
29409,1
31452,1
72969,1
25303,1
27350,1
33491,1
27346,1
29393,1
40677,1
40260,1
37577,1
25257,1
52177,1
56562,1
31492,1
31552,1
35622,1
33599,1
27454,1
45885,1
38355,1
43834,1
29497,1
31544,1
54069,1
33587,1
52316,1
30288,1
23344,1
37677,1
20653,1
47991,1
27398,1
76578,1
54049,1
46378,1
35614,1
54045,1
33563,1
43802,1
31508,1
37645,1
39692,1
43786,1
37641,1
39688,1
33543,1
35262,1
35258,1
37358,1
24699,1
39024,1
53361,1
41075,1
59703,1
24695,1
28793,1
22652,1
28885,1
36989,1
43134,1
35335,1
45185,1
34946,1
49283,1
41071,1
64191,1
29513,1
36969,1
32867,1
31307,1
49243,1
46829,1
46910,1
43090,1
69713,1
47184,1
33655,1
32843,1
43078,1
53343,1
57411,1
22660,1
36997,1
49287,1
28849,1
24787,1
24783,1
53453,1
79249,1
43210,1
37065,1
45625,1
49351,1
55492,1
26818,1
28865,1
46558,1
37049,1
57523,1
30896,1
28809,1
28845,1
23725,1
31701,1
31257,1
34978,1
32927,1
28829,1
22684,1
32923,1
38826,1
39056,1
41103,1
53029,1
34954,1
43070,1
28733,1
38968,1
38868,1
40949,1
26568,1
42994,1
32753,1
51178,1
45031,1
73701,1
30692,1
16353,1
38880,1
34782,1
28635,1
34778,1
45015,1
54223,1
28663,1
33187,1
45007,1
42871,1
24525,1
38860,1
20427,1
63752,1
32713,1
42980,1
47040,1
42942,1
43660,1
28603,1
28540,1
67574,1
30712,1
69685,1
34838,1
37598,1
24627,1
22576,1
36909,1
30764,1
32811,1
43050,1
36905,1
57379,1
40680,1
45089,1
32795,1
28697,1
49175,1
32387,1
49145,1
24750,1
26642,1
45073,1
47120,1
36877,1
58671,1
32779,1
45065,1
53253,1
53249,1
39246,1
34814,1
32765,1
51901,1
63700,1
41531,1
45497,1
67958,1
21111,1
49519,1
37233,1
43378,1
39284,1
37237,1
49527,1
32987,1
39288,1
37241,1
35198,1
41343,1
27010,1
33155,1
29037,1
39276,1
31080,1
25683,1
20837,1
24931,1
27038,1
29021,1
55644,1
26970,1
40044,1
62684,1
20804,1
29013,1
16723,1
49275,1
53585,1
44776,1
33159,1
20873,1
41375,1
31160,1
41399,1
27062,1
20647,1
43442,1
29105,1
35246,1
43546,1
33195,1
29097,1
37979,1
39332,1
43990,1
31136,1
67998,1
27018,1
37586,1
40053,1
27034,1
45465,1
31128,1
29754,1
29004,1
43410,1
37265,1
39312,1
51598,1
37261,1
31116,1
42645,1
39248,1
35150,1
86349,1
37056,1
40067,1
47368,1
49415,1
34238,1
70656,1
34816,1
39168,1
51454,1
37117,1
25508,1
36977,1
41207,1
41297,1
33011,1
37105,1
39184,1
47344,1
37101,1
30956,1
33003,1
45289,1
49383,1
51430,1
37093,1
22756,1
57571,1
35042,1
35826,1
32484,1
39132,1
28941,1
61713,1
31052,1
47599,1
49104,1
66063,1
40838,1
37189,1
61735,1
38614,1
24895,1
26942,1
37181,1
33083,1
51514,1
31032,1
41271,1
34331,1
54488,1
33043,1
35670,1
24811,1
40965,1
29941,1
35114,1
37161,1
33059,1
28961,1
39200,1
47388,1
20761,1
31000,1
43286,1
37141,1
52178,1
27606,1
40842,1
32428,1
30369,1
32420,1
38565,1
39679,1
35797,1
32380,1
27031,1
27544,1
33748,1
24240,1
38577,1
34483,1
40628,1
25606,1
50847,1
44702,1
30365,1
59035,1
29897,1
27570,1
40305,1
26263,1
26259,1
38545,1
30349,1
26247,1
40580,1
44674,1
34431,1
48501,1
42615,1
21163,1
32444,1
26303,1
24292,1
26363,1
36602,1
22265,1
36598,1
28402,1
38890,1
32496,1
36590,1
35936,1
49725,1
42731,1
65821,1
36582,1
35959,1
36578,1
30401,1
28382,1
44950,1
24276,1
26323,1
57040,1
34511,1
93902,1
40652,1
26315,1
42695,1
52934,1
38597,1
29500,1
52930,1
32388,1
48756,1
22129,1
26135,1
50731,1
52778,1
32296,1
32178,1
46629,1
24100,1
67107,1
52770,1
54817,1
24096,1
34335,1
28668,1
60954,1
40472,1
26127,1
59348,1
24076,1
75856,1
44546,1
38401,1
40448,1
26111,1
50679,1
67067,1
36218,1
24056,1
42487,1
22005,1
24048,1
25905,1
40492,1
42547,1
26223,1
24144,1
28266,1
22121,1
34407,1
30903,1
28258,1
40544,1
26207,1
50572,1
36442,1
38489,1
48728,1
50771,1
33843,1
38481,1
24732,1
40500,1
65100,1
29667,1
34375,1
39007,1
24132,1
36418,1
36414,1
38461,1
42555,1
36410,1
30265,1
32312,1
25129,1
31820,1
38653,1
75519,1
26091,1
32680,1
32672,1
27932,1
26531,1
35439,1
50808,1
28582,1
26539,1
32512,1
24492,1
44974,1
34735,1
24496,1
28594,1
30694,1
67556,1
31522,1
36758,1
26515,1
30609,1
45212,1
30071,1
32652,1
51083,1
44938,1
38793,1
40836,1
51075,1
53122,1
30593,1
28542,1
24409,1
32692,1
36790,1
26551,1
40928,1
38905,1
22050,1
28662,1
30709,1
29607,1
34803,1
53234,1
32752,1
65706,1
47085,1
40940,1
42987,1
28650,1
55349,1
34783,1
14575,1
15570,1
42971,1
24536,1
65492,1
38865,1
32720,1
42959,1
42955,1
28618,1
30665,1
68224,1
34751,1
28606,1
296891,1
38777,1
40824,1
26487,1
36634,1
28470,1
39553,1
25607,1
26415,1
36654,1
42795,1
30505,1
39579,1
25576,1
26403,1
35092,1
34591,1
48924,1
29264,1
38681,1
31127,1
22726,1
34583,1
81228,1
28434,1
30481,1
44814,1
30477,1
34571,1
28410,1
28422,1
40708,1
18179,1
44802,1
38657,1
42807,1
28474,1
30581,1
40788,1
24436,1
42867,1
38769,1
55149,1
26475,1
30569,1
49000,1
30104,1
36706,1
32604,1
51035,1
46937,1
24408,1
30549,1
24238,1
66891,1
38737,1
37041,1
26447,1
38733,1
42813,1
34635,1
36682,1
30537,1
38725,1
30338,1
28482,1
32576,1
42815,1
63293,1
32236,1
19946,1
25559,1
43195,1
35958,1
48955,1
25731,1
31876,1
46213,1
33927,1
42123,1
52462,1
33935,1
62609,1
46229,1
34424,1
38741,1
30050,1
40052,1
33907,1
27762,1
44010,1
40048,1
44142,1
29805,1
24451,1
33899,1
44138,1
44134,1
33891,1
25695,1
29789,1
33883,1
37977,1
24121,1
23712,1
19618,1
33955,1
29901,1
60650,1
29929,1
49195,1
36066,1
27634,1
34354,1
42207,1
40156,1
46297,1
34007,1
27862,1
27858,1
26184,1
27914,1
33995,1
28690,1
23752,1
25799,1
25795,1
46592,1
44347,1
72888,1
16860,1
25779,1
52402,1
27120,1
33963,1
27818,1
36579,1
35467,1
17491,1
48208,1
42063,1
29681,1
44766,1
31752,1
33799,1
54277,1
48132,1
17411,1
27650,1
62461,1
31740,1
25595,1
41408,1
52214,1
37877,1
60402,1
23532,1
19470,1
33771,1
35818,1
37865,1
23528,1
33767,1
27622,1
44002,1
29665,1
33759,1
27614,1
29661,1
39900,1
35802,1
41068,1
40586,1
31760,1
28528,1
35894,1
59716,1
23628,1
42059,1
31151,1
40008,1
62975,1
64580,1
25667,1
23616,1
25663,1
35902,1
37949,1
46137,1
42039,1
46133,1
21521,1
50227,1
35890,1
31792,1
56364,1
46121,1
34289,1
54309,1
42015,1
27678,1
23580,1
25627,1
35866,1
37913,1
42003,1
23788,1
29937,1
30185,1
36250,1
36242,1
33381,1
30101,1
28054,1
42391,1
27015,1
23964,1
36082,1
49443,1
32160,1
31246,1
42403,1
32164,1
34459,1
30097,1
25999,1
40332,1
28541,1
40864,1
46473,1
52614,1
46465,1
58751,1
52606,1
51326,1
44410,1
37277,1
38261,1
50571,1
32112,1
38787,1
26023,1
32168,1
30121,1
30209,1
32232,1
58855,1
26302,1
42467,1
44514,1
40416,1
36314,1
38361,1
48600,1
57313,1
30165,1
32212,1
38353,1
42443,1
46537,1
40600,1
40388,1
34243,1
30145,1
26047,1
23996,1
73249,1
21941,1
32180,1
34227,1
36274,1
30129,1
51854,1
46509,1
40364,1
25963,1
28010,1
34151,1
25002,1
52522,1
32040,1
54406,1
32036,1
34083,1
23840,1
29096,1
17691,1
27930,1
46361,1
32024,1
44310,1
40212,1
25875,1
50711,1
23856,1
32012,1
36106,1
32008,1
39421,1
62725,1
38145,1
34047,1
44286,1
31996,1
40768,1
52439,1
28194,1
38133,1
34035,1
25903,1
31299,1
36198,1
36174,1
84670,1
32100,1
25955,1
68962,1
30049,1
46420,1
36190,1
38233,1
38108,1
46421,1
32084,1
38225,1
34145,1
34127,1
46413,1
34103,1
32076,1
42315,1
37377,1
46409,1
34119,1
33987,1
73028,1
21825,1
22758,1
34111,1
27966,1
56636,1
44346,1
33693,1
42934,1
24501,1
55220,1
39465,1
53489,1
31265,1
29220,1
31269,1
27075,1
37416,1
18987,1
37817,1
29228,1
31277,1
67540,1
53812,1
27191,1
29240,1
33310,1
47641,1
25110,1
42820,1
39618,1
39433,1
40989,1
43527,1
31237,1
35331,1
47617,1
37376,1
25086,1
31229,1
37372,1
25082,1
29176,1
33338,1
19003,1
29244,1
35419,1
23157,1
29300,1
31719,1
27247,1
49774,1
72301,1
43627,1
41578,1
29288,1
34492,1
29280,1
41566,1
23133,1
28177,1
30707,1
85467,1
62109,1
43607,1
25174,1
25170,1
31313,1
37452,1
27211,1
37076,1
23113,1
23109,1
29252,1
30108,1
30450,1
29248,1
66038,1
39413,1
37364,1
45460,1
37292,1
18859,1
21458,1
27047,1
45476,1
27043,1
31137,1
90526,1
22941,1
28106,1
22937,1
35223,1
33174,1
43411,1
18835,1
18863,1
49554,1
47505,1
29081,1
33604,1
35211,1
57738,1
37256,1
35207,1
31109,1
29060,1
41346,1
31101,1
27003,1
49530,1
31149,1
31153,1
45552,1
47581,1
35311,1
49646,1
23021,1
45450,1
57834,1
23017,1
34414,1
50006,1
33254,1
31205,1
29156,1
27107,1
27103,1
33246,1
43219,1
35251,1
33238,1
39381,1
29140,1
22993,1
59855,1
25038,1
37324,1
41418,1
31177,1
29128,1
39365,1
39740,1
41410,1
31447,1
33398,1
31353,1
58549,1
22084,1
45860,1
56101,1
37672,1
37037,1
27435,1
37676,1
25390,1
33402,1
39729,1
46054,1
37684,1
25398,1
29818,1
41786,1
39713,1
53387,1
25370,1
39705,1
58134,1
56085,1
49934,1
23309,1
29452,1
33546,1
43783,1
49926,1
50939,1
56065,1
41726,1
31485,1
29436,1
21971,1
37572,1
49982,1
35679,1
29564,1
27515,1
66426,1
31609,1
52087,1
31605,1
31601,1
45936,1
27503,1
25454,1
47981,1
45928,1
41806,1
31585,1
33630,1
43839,1
38024,1
37720,1
41814,1
39765,1
29524,1
19283,1
29520,1
37153,1
37708,1
25418,1
31561,1
45896,1
44685,1
29504,1
41722,1
23289,1
48829,1
41618,1
30730,1
35685,1
34540,1
38599,1
35495,1
41634,1
62692,1
29260,1
29340,1
31385,1
37528,1
58006,1
31381,1
29332,1
37618,1
37552,1
61656,1
37516,1
27275,1
33418,1
29320,1
47749,1
20747,1
33410,1
31361,1
37504,1
35455,1
39549,1
26983,1
35451,1
55981,1
27315,1
27383,1
29404,1
33526,1
47861,1
45812,1
29424,1
27375,1
19035,1
60139,1
25322,1
31465,1
27367,1
31461,1
33590,1
51939,1
39645,1
22036,1
29364,1
39641,1
53976,1
33490,1
35535,1
29388,1
42420,1
33474,1
51903,1
31421,1
27567,1
35515,1
39609,1
24186,1
41654,1
38672,1
22897,1
43116,1
34859,1
30749,1
33140,1
51235,1
53284,1
24614,1
26663,1
36908,1
34951,1
30765,1
18479,1
27724,1
32822,1
34875,1
32830,1
57370,1
30745,1
26647,1
28692,1
32786,1
34831,1
41266,1
26631,1
32774,1
22533,1
61444,1
32764,1
24578,1
30721,1
36864,1
30719,1
29389,1
26687,1
45120,1
34883,1
34915,1
35281,1
34947,1
49282,1
43131,1
32890,1
30841,1
51319,1
26735,1
32878,1
22637,1
45164,1
25888,1
61544,1
51303,1
41058,1
45835,1
25402,1
26719,1
39005,1
28217,1
26360,1
36948,1
41042,1
41038,1
36940,1
24650,1
30793,1
28744,1
43859,1
30789,1
30715,1
35713,1
30386,1
38823,1
36800,1
38847,1
26557,1
28604,1
34745,1
53170,1
36788,1
40882,1
34737,1
36784,1
21103,1
34863,1
29690,1
20392,1
65446,1
36804,1
38819,1
31739,1
34721,1
34717,1
36764,1
40858,1
22423,1
57238,1
42901,1
28564,1
40850,1
54009,1
26509,1
28556,1
49090,1
28616,1
34987,1
50467,1
43652,1
20468,1
38899,1
31207,1
34073,1
36844,1
47083,1
57322,1
53224,1
47750,1
32742,1
36836,1
37762,1
41644,1
38879,1
34761,1
32734,1
48338,1
28636,1
29180,1
32730,1
25550,1
30675,1
34769,1
35724,1
22479,1
32718,1
34765,1
22475,1
33952,1
41094,1
65674,1
29040,1
28972,1
36117,1
22817,1
42893,1
37429,1
34701,1
31017,1
33070,1
34955,1
20784,1
22833,1
60283,1
43315,1
37172,1
51511,1
35103,1
46631,1
31005,1
35099,1
24858,1
55577,1
18711,1
33042,1
35087,1
57614,1
30989,1
26827,1
60880,1
49418,1
20050,1
41222,1
39173,1
24890,1
61924,1
55555,1
24918,1
36922,1
63363,1
51563,1
49137,1
35175,1
41318,1
37220,1
41951,1
39265,1
29024,1
34480,1
47453,1
20828,1
33114,1
47445,1
22845,1
26959,1
35703,1
47437,1
37196,1
26955,1
65866,1
22857,1
26951,1
31045,1
37188,1
26947,1
39233,1
38578,1
24894,1
28932,1
59651,1
28928,1
34983,1
24766,1
47293,1
28945,1
51387,1
61624,1
34999,1
37771,1
26803,1
37881,1
32942,1
44598,1
39818,1
24746,1
30889,1
24742,1
28864,1
47269,1
51363,1
24738,1
22689,1
28832,1
26783,1
30873,1
37016,1
41530,1
34963,1
47249,1
38950,1
26767,1
32910,1
26405,1
41154,1
35071,1
26851,1
31365,1
28920,1
26871,1
28916,1
35059,1
32621,1
30961,1
26863,1
30957,1
26859,1
37096,1
41190,1
46642,1
37092,1
55521,1
43203,1
35035,1
41178,1
27770,1
20696,1
51415,1
39125,1
61185,1
65746,1
49358,1
35019,1
24778,1
39113,1
37064,1
17004,1
29568,1
31617,1
33670,1
32333,1
50758,1
44615,1
30280,1
29271,1
28235,1
38476,1
39580,1
26270,1
46672,1
32337,1
61011,1
44631,1
24153,1
38492,1
30276,1
26178,1
30272,1
26174,1
25908,1
35764,1
28211,1
27585,1
32305,1
34935,1
30252,1
38510,1
38440,1
32293,1
26146,1
56865,1
32285,1
50782,1
36447,1
77411,1
32385,1
56911,1
32409,1
35374,1
36503,1
18070,1
27701,1
50834,1
28303,1
28299,1
47112,1
41003,1
34438,1
48773,1
54916,1
46720,1
32357,1
44671,1
42622,1
23229,1
44667,1
30144,1
33756,1
26230,1
73333,1
52851,1
20836,1
42606,1
65122,1
30316,1
44651,1
23049,1
26138,1
40473,1
40373,1
32209,1
28111,1
34254,1
36299,1
38344,1
52679,1
30437,1
38232,1
24001,1
29703,1
28095,1
50622,1
52663,1
41939,1
38324,1
58838,1
28083,1
42418,1
30128,1
34222,1
44459,1
40361,1
36263,1
23977,1
32161,1
23194,1
26014,1
45778,1
54684,1
44443,1
36307,1
19927,1
44567,1
38400,1
26134,1
46612,1
44563,1
34322,1
40465,1
42510,1
40461,1
30220,1
33251,1
32261,1
22020,1
31874,1
35209,1
32257,1
52450,1
21976,1
26098,1
32289,1
32237,1
50646,1
52715,1
50666,1
32233,1
50662,1
32229,1
32735,1
25586,1
36319,1
21980,1
16254,1
40605,1
36511,1
48013,1
28499,1
42822,1
32585,1
36683,1
59214,1
36687,1
45179,1
34646,1
18082,1
20311,1
40793,1
20280,1
67022,1
34662,1
42858,1
32581,1
44930,1
28483,1
34626,1
32577,1
46912,1
36671,1
51006,1
32573,1
59194,1
46763,1
43117,1
21217,1
55414,1
37157,1
48945,1
35533,1
46956,1
40813,1
40906,1
26518,1
104280,1
57315,1
28587,1
36933,1
28583,1
38820,1
34722,1
38814,1
47008,1
36767,1
18334,1
38812,1
20379,1
28567,1
32661,1
38772,1
28563,1
22416,1
34702,1
55180,1
32278,1
30600,1
40837,1
28547,1
27179,1
46002,1
28543,1
48296,1
29117,1
44919,1
49611,1
24361,1
34598,1
42686,1
48857,1
43947,1
26326,1
39106,1
20179,1
34839,1
30416,1
44751,1
26318,1
24265,1
22216,1
50882,1
30400,1
77503,1
32445,1
45250,1
36539,1
65921,1
38870,1
28173,1
45983,1
36801,1
30384,1
34478,1
46764,1
28331,1
42666,1
30376,1
36519,1
30372,1
30428,1
51484,1
30500,1
42754,1
28451,1
34594,1
73505,1
28447,1
32541,1
42774,1
30484,1
34578,1
30480,1
62797,1
46860,1
59146,1
32521,1
44807,1
40705,1
31628,1
46848,1
44795,1
33300,1
38644,1
38640,1
36591,1
32803,1
32493,1
38636,1
32489,1
23150,1
26342,1
37622,1
48686,1
64921,1
52651,1
34720,1
18746,1
23589,1
29736,1
19734,1
25642,1
51568,1
24141,1
25650,1
30100,1
44083,1
57227,1
27703,1
31801,1
27707,1
25662,1
33826,1
37920,1
33822,1
31773,1
29724,1
47101,1
66576,1
48145,1
33923,1
50724,1
37896,1
19463,1
22867,1
31749,1
27651,1
50178,1
41051,1
37952,1
39885,1
48197,1
21608,1
46212,1
27775,1
29820,1
60539,1
26085,1
15481,1
27767,1
56437,1
38004,1
49852,1
26319,1
56429,1
29804,1
44139,1
35943,1
66630,1
29796,1
27747,1
33182,1
37205,1
42070,1
48213,1
33874,1
40017,1
37968,1
31821,1
21580,1
38864,1
23625,1
44103,1
29696,1
21500,1
60411,1
29612,1
25538,1
23489,1
27583,1
78780,1
25103,1
23481,1
37816,1
41910,1
31669,1
52147,1
66482,1
36652,1
43951,1
39853,1
38524,1
27098,1
41894,1
54180,1
35763,1
21765,1
33694,1
23453,1
35739,1
33690,1
29592,1
43927,1
27931,1
39825,1
21392,1
41870,1
40750,1
50118,1
32157,1
49119,1
45560,1
35418,1
29684,1
33778,1
39921,1
37872,1
27631,1
50158,1
29676,1
29876,1
41962,1
31721,1
47389,1
41958,1
69293,1
42104,1
33762,1
48097,1
25566,1
43995,1
23513,1
29656,1
35799,1
23509,1
30133,1
32328,1
50126,1
31693,1
28188,1
25546,1
31877,1
42118,1
27783,1
30016,1
48656,1
25938,1
30032,1
55210,1
40868,1
24584,1
36171,1
32073,1
21832,1
36167,1
23877,1
38212,1
52547,1
40257,1
21820,1
37569,1
28412,1
32471,1
38200,1
34102,1
30004,1
36147,1
25906,1
46384,1
44335,1
29992,1
25894,1
29988,1
36131,1
40757,1
38228,1
54616,1
32029,1
25970,1
40337,1
42382,1
40333,1
38284,1
28043,1
30088,1
42374,1
25095,1
44415,1
42366,1
38268,1
36219,1
32117,1
21876,1
23921,1
40281,1
29303,1
68862,1
38252,1
77163,1
37221,1
48850,1
30058,1
34150,1
60771,1
34146,1
46432,1
58718,1
23901,1
42330,1
32033,1
44315,1
29832,1
33053,1
42198,1
44239,1
27851,1
50850,1
46280,1
33990,1
46276,1
50370,1
48317,1
48906,1
33978,1
40121,1
48309,1
21684,1
25778,1
38104,1
40109,1
33460,1
27815,1
33958,1
38052,1
27811,1
27807,1
46232,1
44183,1
13272,1
40081,1
31885,1
46220,1
58506,1
27863,1
50394,1
34074,1
40181,1
33477,1
36119,1
50454,1
27919,1
29964,1
32009,1
29960,1
26639,1
46336,1
34046,1
68859,1
25850,1
37650,1
34038,1
38132,1
36059,1
29936,1
24069,1
52404,1
34026,1
29928,1
27879,1
48357,1
29924,1
69043,1
36560,1
29920,1
44255,1
47935,1
29916,1
30723,1
