,y_predicted,Y_val
0,0,0
1,1,1
2,1,1
3,0,0
4,1,1
5,1,0
6,0,0
7,0,0
8,0,0
9,0,0
10,0,0
11,1,0
12,1,0
13,1,0
14,0,1
15,0,0
16,1,0
17,1,1
18,1,1
19,0,0
20,0,0
21,1,1
22,1,1
23,0,0
24,1,1
25,0,0
26,1,1
27,1,1
28,0,0
29,0,0
30,0,0
31,1,1
32,1,0
33,1,1
34,1,1
35,0,0
36,0,0
37,1,1
38,1,1
39,0,0
40,0,1
41,1,0
42,0,0
43,1,0
44,1,1
45,1,1
46,1,1
47,0,0
48,1,1
49,0,0
50,0,0
51,1,0
52,1,0
53,1,1
54,1,1
55,1,1
56,0,1
57,0,0
58,0,0
59,0,0
60,1,1
61,1,1
62,1,1
63,1,1
64,0,0
65,1,1
66,0,0
67,0,0
68,0,0
69,0,0
70,1,1
71,0,0
72,1,0
73,0,1
74,1,1
75,0,0
76,0,0
77,1,1
78,1,1
79,0,1
80,1,1
81,0,0
82,0,0
83,1,0
84,1,1
85,1,1
86,0,0
87,1,1
88,0,0
89,0,0
90,0,1
91,1,1
92,0,0
93,1,1
94,1,1
95,1,1
96,1,1
97,1,1
98,0,0
99,1,1
100,1,1
101,1,1
102,0,0
103,1,1
104,1,1
105,1,1
106,1,1
107,1,1
108,0,0
109,1,0
110,1,1
111,1,0
112,1,1
113,1,0
114,1,1
115,0,0
116,0,0
117,1,1
118,1,1
119,1,1
120,0,0
121,0,0
122,1,0
123,0,0
124,1,1
125,0,0
126,0,0
127,0,0
128,1,1
129,1,0
130,1,0
131,0,0
132,0,0
133,1,1
134,0,0
135,1,1
136,0,0
137,0,0
138,0,0
139,1,1
140,0,0
141,1,1
142,1,1
143,0,0
144,1,1
145,0,0
146,1,1
147,0,0
148,1,1
149,1,1
150,1,0
151,0,0
152,1,0
153,1,1
154,1,1
155,1,0
156,0,0
157,1,0
158,1,1
159,0,0
160,0,0
161,1,0
162,1,0
163,0,0
164,1,0
165,0,0
166,1,1
167,1,1
168,0,0
169,1,1
170,1,1
171,0,0
172,1,1
173,0,0
174,1,1
175,1,1
176,0,0
177,0,0
178,0,0
179,0,0
180,1,1
181,0,0
182,1,1
183,0,0
184,0,1
185,0,0
186,1,0
187,1,1
188,1,0
189,1,1
190,1,0
191,0,0
192,1,1
193,1,1
194,1,0
195,1,1
196,1,1
197,0,0
198,0,0
199,1,0
200,0,0
201,1,1
202,0,0
203,0,0
204,1,1
205,1,1
206,1,1
207,0,0
208,1,1
209,1,1
210,0,0
211,1,1
212,1,1
213,1,0
214,0,0
215,1,1
216,1,1
217,0,0
218,0,0
219,1,0
220,1,1
221,0,0
222,0,1
223,0,0
224,1,0
225,0,0
226,1,0
227,1,0
228,0,0
229,0,1
230,1,1
231,0,0
232,1,0
233,0,0
234,0,1
235,0,0
236,1,1
237,1,1
238,1,1
239,0,1
240,0,0
241,0,0
242,0,0
243,0,1
244,1,1
245,0,0
246,1,1
247,0,0
248,0,1
249,1,1
250,1,0
251,1,1
252,0,0
253,1,1
254,0,0
255,1,1
256,1,1
257,0,0
258,1,1
259,1,1
260,0,0
261,0,0
262,0,0
263,0,0
264,1,1
265,0,1
266,0,0
267,1,1
268,0,1
269,1,0
270,1,0
271,1,1
272,1,0
273,1,1
274,0,0
275,0,1
276,0,0
277,1,1
278,1,1
279,0,0
280,1,1
281,0,0
282,1,1
283,1,1
284,1,1
285,0,0
286,1,0
287,1,0
288,0,0
289,1,1
290,0,0
291,0,0
292,0,0
293,1,0
294,1,1
295,1,1
296,1,1
297,1,1
298,1,0
299,1,1
300,1,1
301,1,1
302,0,1
303,0,0
304,1,1
305,0,0
306,1,0
307,0,0
308,1,1
309,0,0
310,1,1
311,1,1
312,0,1
313,1,1
314,1,1
315,0,0
316,1,0
317,1,1
318,1,1
319,1,1
320,1,1
321,1,1
322,0,1
323,1,0
324,1,1
325,0,0
326,0,0
327,0,0
328,0,0
329,1,1
330,1,0
331,0,0
332,1,1
333,1,0
334,0,1
335,0,0
336,1,1
337,1,1
338,1,1
339,1,0
340,0,0
341,1,0
342,1,1
343,0,0
344,1,1
345,1,1
346,0,0
347,0,0
348,1,1
349,1,1
350,1,1
351,1,1
352,0,0
353,0,0
354,0,0
355,0,0
356,1,0
357,1,1
358,1,1
359,0,0
360,1,0
361,1,1
362,1,1
363,1,0
364,1,1
365,0,0
366,0,0
367,0,0
368,1,1
369,1,0
370,0,0
371,1,1
372,1,1
373,1,1
374,0,0
375,1,1
376,1,1
377,0,1
378,1,1
379,0,0
380,1,0
381,1,1
382,0,0
383,1,1
384,1,1
385,0,0
386,1,1
387,1,1
388,1,0
389,0,0
390,1,1
391,0,0
392,0,0
393,1,1
394,0,1
395,0,0
396,1,0
397,0,0
398,1,1
399,1,1
400,0,0
401,0,0
402,0,0
403,0,0
404,0,0
405,1,0
406,1,1
407,1,0
408,0,0
409,1,1
410,0,0
411,1,1
412,1,1
413,1,1
414,0,0
415,1,1
416,0,1
417,0,0
418,0,0
419,0,0
420,0,0
421,0,0
422,0,0
423,0,0
424,1,0
425,0,0
426,0,0
427,0,0
428,0,0
429,1,1
430,1,1
431,1,1
432,0,0
433,1,1
434,0,0
435,1,1
436,1,1
437,1,1
438,1,0
439,0,0
440,1,1
441,1,1
442,1,0
443,0,0
444,1,0
445,1,0
446,1,1
447,0,0
448,0,0
449,1,1
450,0,0
451,1,1
452,0,0
453,1,1
454,0,0
455,0,1
456,1,1
457,0,0
458,1,1
459,1,1
460,1,1
461,0,1
462,0,0
463,1,1
464,1,1
465,0,0
466,1,1
467,1,1
468,1,1
469,0,0
470,0,0
471,0,0
472,1,0
473,1,1
474,0,0
475,1,0
476,1,1
477,1,1
478,1,1
479,0,0
480,0,0
481,0,0
482,1,0
483,0,0
484,0,0
485,1,0
486,1,1
487,1,1
488,1,1
489,0,0
490,1,1
491,0,0
492,1,0
493,1,0
494,0,0
495,0,0
496,1,1
497,0,0
498,0,0
499,1,1
500,0,1
501,1,1
502,0,1
503,0,0
504,0,1
505,0,0
506,1,1
507,1,1
508,1,1
509,1,0
510,1,1
511,0,0
512,1,0
513,0,0
514,0,0
515,1,0
516,1,1
517,1,1
518,0,0
519,1,1
520,1,0
521,1,1
522,1,1
523,0,0
524,1,1
525,1,1
526,0,0
527,1,1
528,0,0
529,0,0
530,1,1
531,0,0
532,1,1
533,1,1
534,1,1
535,1,0
536,1,1
537,1,1
538,0,0
539,0,1
540,1,0
541,1,1
542,1,1
543,1,1
544,0,0
545,0,0
546,1,1
547,1,1
548,0,0
549,0,0
550,1,1
551,1,0
552,0,0
553,1,1
554,1,1
555,1,1
556,0,0
557,1,1
558,1,1
559,1,0
560,1,1
561,1,0
562,1,1
563,0,0
564,1,0
565,0,0
566,1,1
567,1,1
568,0,0
569,0,0
570,0,0
571,1,1
572,1,1
573,1,0
574,1,0
575,1,1
576,0,0
577,0,0
578,1,1
579,1,1
580,1,1
581,0,1
582,0,0
583,1,1
584,0,0
585,0,0
586,1,1
587,1,1
588,1,1
589,1,0
590,1,1
591,0,0
592,1,1
593,1,1
594,0,0
595,1,1
596,0,0
597,1,0
598,1,1
599,1,1
600,0,1
601,1,0
602,0,0
603,0,0
604,0,0
605,1,1
606,1,1
607,1,1
608,1,1
609,1,1
610,0,0
611,1,1
612,1,0
613,1,1
614,0,1
615,1,1
616,1,0
617,1,1
618,1,0
619,1,1
620,1,1
621,0,0
622,1,1
623,0,1
624,0,0
625,1,1
626,0,0
627,0,0
628,1,1
629,0,0
630,1,0
631,0,0
632,1,1
633,1,1
634,0,0
635,1,0
636,1,0
637,0,0
638,0,0
639,1,1
640,1,0
641,1,1
642,1,1
643,0,0
644,1,1
645,1,1
646,0,0
647,1,0
648,0,1
649,0,0
650,1,1
651,1,1
652,0,0
653,0,0
654,1,1
655,1,1
656,0,0
657,1,0
658,1,1
659,1,0
660,1,0
661,0,0
662,1,1
663,1,1
664,1,0
665,1,0
666,1,1
667,1,0
668,1,1
669,1,1
670,1,1
671,0,0
672,1,1
673,1,1
674,0,0
675,0,0
676,0,0
677,1,1
678,1,0
679,0,0
680,1,1
681,1,1
682,0,0
683,1,1
684,1,1
685,0,0
686,0,0
687,1,1
688,0,0
689,1,1
690,1,1
691,0,0
692,0,0
693,0,0
694,1,1
695,0,0
696,0,0
697,0,0
698,0,0
699,1,1
700,1,1
701,0,0
702,0,1
703,1,1
704,1,1
705,1,1
706,0,1
707,0,0
708,1,1
709,1,1
710,1,1
711,1,1
712,1,1
713,0,0
714,1,1
715,1,1
716,1,1
717,1,0
718,0,0
719,0,0
720,0,0
721,1,1
722,1,0
723,1,1
724,0,0
725,0,0
726,0,0
727,1,0
728,0,0
729,0,0
730,1,1
731,1,0
732,1,1
733,1,1
734,0,0
735,1,1
736,1,1
737,0,0
738,1,0
739,1,1
740,1,1
741,1,1
742,1,0
743,1,0
744,0,1
745,1,1
746,1,1
747,1,1
748,1,1
749,0,0
750,0,0
751,1,1
752,0,0
753,1,1
754,0,0
755,1,1
756,1,1
757,1,0
758,1,1
759,0,0
760,0,0
761,1,0
762,1,0
763,0,0
764,1,0
765,0,0
766,1,1
767,1,1
768,1,1
769,0,0
770,1,1
771,1,1
772,1,0
773,1,1
774,0,0
775,1,1
776,1,1
777,1,1
778,1,1
779,1,1
780,1,1
781,1,1
782,1,1
783,1,1
784,1,1
785,1,1
786,1,1
787,1,1
788,1,1
789,0,0
790,1,1
791,0,0
792,1,1
793,1,1
794,0,0
795,1,1
796,1,1
797,0,0
798,1,0
799,0,0
800,0,0
801,1,0
802,1,1
803,1,1
804,1,1
805,0,0
806,0,1
807,1,1
808,1,0
809,0,0
810,1,1
811,1,1
812,1,1
813,0,1
814,0,0
815,0,0
816,0,0
817,0,0
818,1,1
819,1,1
820,1,1
821,0,0
822,0,0
823,1,1
824,0,0
825,0,1
826,1,1
827,1,1
828,0,0
829,1,1
830,1,1
831,1,0
832,0,0
833,0,0
834,0,0
835,1,1
836,1,1
837,0,0
838,1,0
839,0,0
840,1,0
841,0,0
842,0,1
843,1,1
844,1,0
845,0,0
846,1,1
847,1,1
848,0,0
849,1,1
850,0,0
851,0,0
852,0,1
853,1,0
854,0,0
855,0,0
856,1,1
857,1,1
858,1,1
859,0,0
860,0,0
861,1,1
862,0,0
863,1,1
864,1,1
865,0,1
866,1,1
867,1,0
868,1,1
869,0,0
870,0,0
871,1,1
872,0,0
873,1,1
874,1,0
875,0,1
876,0,0
877,1,0
878,0,1
879,1,1
880,1,1
881,1,1
882,0,0
883,1,0
884,0,1
885,1,1
886,1,0
887,1,0
888,1,1
889,1,1
890,1,1
891,1,0
892,0,0
893,0,0
894,1,1
895,0,1
896,1,0
897,1,1
898,1,1
899,1,0
900,1,1
901,0,0
902,0,0
903,1,1
904,1,1
905,0,0
906,0,0
907,1,0
908,1,0
909,0,0
910,1,0
911,0,0
912,0,0
913,1,0
914,0,0
915,0,0
916,1,0
917,0,0
918,0,0
919,1,0
920,1,0
921,1,1
922,0,0
923,1,1
924,1,1
925,1,1
926,1,0
927,1,1
928,0,0
929,0,0
930,0,1
931,0,0
932,1,1
933,0,0
934,1,0
935,1,1
936,1,1
937,1,0
938,1,0
939,0,0
940,1,0
941,1,1
942,1,0
943,1,1
944,1,1
945,1,1
946,1,0
947,1,1
948,1,1
949,0,0
950,0,0
951,0,0
952,1,1
953,1,1
954,1,1
955,0,0
956,1,1
957,1,1
958,0,0
959,1,1
960,1,0
961,1,1
962,0,0
963,1,0
964,1,0
965,1,0
966,1,1
967,0,0
968,1,1
969,0,0
970,0,0
971,1,1
972,1,1
973,0,0
974,1,1
975,0,0
976,1,1
977,0,1
978,1,0
979,1,1
980,1,1
981,1,1
982,1,1
983,0,0
984,1,1
985,0,0
986,1,1
987,1,1
988,1,1
989,1,0
990,0,0
991,1,1
992,0,0
993,0,0
994,1,1
995,0,0
996,0,0
997,1,1
998,1,1
999,1,1
1000,1,0
1001,0,0
1002,1,1
1003,1,1
1004,1,1
1005,0,0
1006,1,1
1007,0,0
1008,0,0
1009,1,1
1010,1,1
1011,1,1
1012,1,0
1013,0,0
1014,1,0
1015,0,0
1016,0,0
1017,0,0
1018,0,1
1019,0,0
1020,0,0
1021,1,1
1022,1,0
1023,1,0
1024,1,0
1025,1,0
1026,1,1
1027,0,0
1028,0,1
1029,1,1
1030,0,0
1031,1,1
1032,1,1
1033,1,1
1034,1,1
1035,1,1
1036,1,1
1037,1,1
1038,1,1
1039,0,0
1040,1,1
1041,0,1
1042,0,0
1043,1,1
1044,1,1
1045,1,0
1046,0,0
1047,1,0
1048,0,0
1049,0,0
1050,0,0
1051,1,0
1052,1,1
1053,1,0
1054,1,1
1055,1,1
1056,1,1
1057,1,0
1058,0,0
1059,0,0
1060,1,1
1061,1,0
1062,1,0
1063,0,0
1064,1,1
1065,1,0
1066,0,0
1067,1,1
1068,1,1
1069,0,0
1070,1,0
1071,1,1
1072,0,0
1073,0,0
1074,0,1
1075,0,0
1076,1,1
1077,0,0
1078,1,1
1079,1,1
1080,0,0
1081,1,0
1082,1,1
1083,1,1
1084,1,0
1085,1,0
1086,1,0
1087,1,0
1088,0,0
1089,1,1
1090,0,1
1091,1,1
1092,0,0
1093,1,1
1094,1,1
1095,1,1
1096,1,1
1097,0,1
1098,1,1
1099,1,1
1100,1,1
1101,1,1
1102,1,1
1103,1,0
1104,1,1
1105,1,0
1106,0,0
1107,1,1
1108,0,0
1109,1,1
1110,1,1
1111,0,0
1112,0,0
1113,1,0
1114,1,1
1115,1,1
1116,1,0
1117,1,0
1118,1,1
1119,0,0
1120,1,1
1121,0,0
1122,1,1
1123,1,1
1124,1,1
1125,1,0
1126,1,1
1127,0,0
1128,0,0
1129,1,1
1130,1,1
1131,1,1
1132,1,1
1133,1,0
1134,0,0
1135,1,1
1136,0,0
1137,0,0
1138,1,1
1139,0,1
1140,0,0
1141,0,0
1142,1,1
1143,0,0
1144,0,0
1145,1,1
1146,1,0
1147,1,1
1148,1,1
1149,1,1
1150,1,1
1151,0,0
1152,0,0
1153,0,1
1154,0,0
1155,1,1
1156,1,1
1157,1,0
1158,0,0
1159,0,1
1160,0,0
1161,1,1
1162,1,1
1163,1,1
1164,0,0
1165,1,0
1166,1,1
1167,1,1
1168,1,0
1169,0,0
1170,1,1
1171,1,1
1172,1,0
1173,1,1
1174,1,1
1175,1,1
1176,1,1
1177,0,0
1178,0,0
1179,1,0
1180,1,1
1181,1,1
1182,1,0
1183,1,1
1184,1,1
1185,1,1
1186,1,1
1187,1,1
1188,0,0
1189,0,0
1190,1,0
1191,1,1
1192,1,1
1193,1,1
1194,1,1
1195,1,0
1196,1,1
1197,0,0
1198,1,0
1199,1,1
1200,0,0
1201,0,0
1202,1,1
1203,1,1
1204,1,1
1205,0,0
1206,1,0
1207,1,1
1208,1,1
1209,1,0
1210,1,1
1211,0,0
1212,1,0
1213,0,0
1214,0,0
1215,1,1
1216,1,0
1217,1,1
1218,1,1
1219,0,0
1220,1,1
1221,1,1
1222,0,0
1223,1,1
1224,0,0
1225,0,0
1226,0,0
1227,1,0
1228,1,0
1229,1,1
1230,0,0
1231,0,0
1232,0,0
1233,0,1
1234,1,1
1235,0,0
1236,0,0
1237,1,1
1238,0,0
1239,1,0
1240,0,0
1241,0,0
1242,0,0
1243,1,1
1244,1,1
1245,1,0
1246,1,1
1247,0,0
1248,0,0
1249,1,1
1250,0,0
1251,0,0
1252,0,0
1253,1,1
1254,1,1
1255,1,1
1256,1,1
1257,0,0
1258,1,1
1259,1,0
1260,1,0
1261,0,0
1262,1,1
1263,1,1
1264,1,1
1265,1,0
1266,1,1
1267,0,0
1268,1,0
1269,0,0
1270,1,0
1271,0,0
1272,0,0
1273,1,1
1274,0,0
1275,0,1
1276,0,0
1277,1,0
1278,0,0
1279,0,1
1280,1,1
1281,1,1
1282,1,1
1283,1,1
1284,1,1
1285,1,1
1286,0,0
1287,1,0
1288,1,0
1289,0,0
1290,1,0
1291,0,0
1292,0,0
1293,1,1
1294,1,0
1295,1,1
1296,0,0
1297,1,1
1298,0,0
1299,1,1
1300,0,0
1301,0,0
1302,1,1
1303,1,1
1304,0,0
1305,1,0
1306,1,1
1307,1,0
1308,1,0
1309,0,0
1310,0,0
1311,1,1
1312,1,0
1313,1,0
1314,1,0
1315,1,1
1316,1,1
1317,1,1
1318,1,1
1319,1,1
1320,1,1
1321,1,0
1322,0,1
1323,1,1
1324,0,0
1325,0,0
1326,1,1
1327,1,1
1328,0,0
1329,1,1
1330,0,0
1331,0,0
1332,1,1
1333,0,0
1334,1,1
1335,0,0
1336,1,1
1337,1,1
1338,1,1
1339,0,0
1340,1,1
1341,1,1
1342,1,1
1343,1,1
1344,1,1
1345,1,0
1346,1,1
1347,1,1
1348,1,0
1349,0,1
1350,1,0
1351,1,1
1352,1,0
1353,1,1
1354,1,1
1355,1,0
1356,0,0
1357,0,0
1358,1,0
1359,1,1
1360,0,0
1361,1,1
1362,1,0
1363,0,0
1364,0,1
1365,0,0
1366,0,0
1367,1,0
1368,0,0
1369,1,1
1370,1,1
1371,1,1
1372,1,1
1373,1,1
1374,1,1
1375,1,0
1376,1,0
1377,0,0
1378,1,0
1379,0,0
1380,1,0
1381,1,1
1382,1,0
1383,1,0
1384,1,0
1385,1,0
1386,0,0
1387,1,1
1388,0,0
1389,1,1
1390,0,0
1391,0,1
1392,1,1
1393,0,0
1394,1,1
1395,1,1
1396,0,0
1397,0,0
1398,0,0
1399,1,1
1400,1,1
1401,0,1
1402,1,0
1403,0,0
1404,1,0
1405,1,1
1406,1,1
1407,1,0
1408,1,1
1409,1,1
1410,0,0
1411,1,1
1412,0,0
1413,0,0
1414,1,1
1415,1,1
1416,0,0
1417,1,1
1418,1,0
1419,1,0
1420,1,1
1421,0,0
1422,0,0
1423,1,1
1424,1,1
1425,0,0
1426,1,0
1427,1,0
1428,1,1
1429,0,0
1430,0,1
1431,0,0
1432,1,1
1433,1,0
1434,1,1
1435,1,1
1436,1,0
1437,0,0
1438,1,1
1439,1,1
1440,1,1
1441,1,1
1442,1,1
1443,0,0
1444,1,1
1445,0,1
1446,1,0
1447,0,0
1448,0,0
1449,1,1
1450,1,0
1451,1,1
1452,1,0
1453,0,0
1454,1,0
1455,1,1
1456,1,1
1457,1,1
1458,1,1
1459,0,0
1460,1,1
1461,1,0
1462,0,0
1463,1,0
1464,1,1
1465,1,0
1466,1,1
1467,1,1
1468,1,1
1469,1,1
1470,1,0
1471,0,0
1472,1,0
1473,1,1
1474,1,1
1475,0,1
1476,0,1
1477,0,0
1478,0,1
1479,1,1
1480,1,1
1481,1,0
1482,0,0
1483,0,0
1484,0,0
1485,1,1
1486,0,0
1487,0,0
1488,0,1
1489,1,1
1490,1,0
1491,1,1
1492,0,0
1493,1,1
1494,1,0
1495,1,1
1496,1,1
1497,0,0
1498,0,0
1499,0,0
1500,1,1
1501,0,1
1502,1,0
1503,1,1
1504,0,0
1505,1,1
1506,0,0
1507,1,0
1508,1,0
1509,1,1
1510,0,0
1511,1,0
1512,1,1
1513,0,0
1514,1,1
1515,1,1
1516,0,0
1517,1,0
1518,1,1
1519,1,1
1520,1,1
1521,1,1
1522,1,1
1523,0,0
1524,0,0
1525,0,1
1526,1,1
1527,1,1
1528,0,0
1529,0,0
1530,0,0
1531,0,0
1532,0,0
1533,1,1
1534,1,1
1535,0,1
1536,0,0
1537,0,0
1538,1,1
1539,0,0
1540,1,1
1541,1,1
1542,1,1
1543,1,1
1544,1,0
1545,1,1
1546,1,1
1547,0,0
1548,1,0
1549,1,1
1550,1,0
1551,0,0
1552,1,0
1553,1,1
1554,1,0
1555,1,0
1556,0,0
1557,0,0
1558,1,1
1559,1,1
1560,0,0
1561,0,0
1562,1,1
1563,1,1
1564,0,0
1565,1,0
1566,1,1
1567,1,1
1568,1,1
1569,0,0
1570,0,1
1571,0,0
1572,0,0
1573,0,0
1574,0,0
1575,1,0
1576,0,0
1577,1,1
1578,1,1
1579,0,0
1580,1,1
1581,0,0
1582,0,0
1583,1,1
1584,1,1
1585,1,0
1586,1,1
1587,0,0
1588,1,1
1589,0,0
1590,1,1
1591,1,0
1592,1,0
1593,0,0
1594,1,1
1595,1,0
1596,0,0
1597,1,1
1598,0,0
1599,0,0
1600,1,0
1601,0,0
1602,1,1
1603,1,0
1604,1,1
1605,1,1
1606,0,0
1607,1,1
1608,0,0
1609,1,1
1610,0,0
1611,1,0
1612,1,0
1613,0,0
1614,1,1
1615,1,0
1616,1,1
1617,0,0
1618,1,1
1619,0,1
1620,0,0
1621,0,0
1622,1,0
1623,1,1
1624,0,0
1625,0,0
1626,0,0
1627,0,0
1628,1,1
1629,0,0
1630,0,0
1631,1,1
1632,1,1
1633,1,1
1634,1,1
1635,1,1
1636,1,1
1637,0,0
1638,0,0
1639,0,0
1640,0,0
1641,0,0
1642,0,0
1643,0,1
1644,0,0
1645,1,1
1646,0,0
1647,1,0
1648,1,0
1649,1,1
1650,1,0
1651,0,0
1652,1,1
1653,1,1
1654,0,1
1655,1,1
1656,1,0
1657,0,0
1658,1,1
1659,0,1
1660,1,0
1661,1,1
1662,0,1
1663,0,0
1664,0,0
1665,1,1
1666,0,0
1667,1,0
1668,0,0
1669,1,0
1670,1,1
1671,1,1
1672,1,0
1673,0,0
1674,1,1
1675,0,0
1676,1,0
1677,1,1
1678,0,0
1679,0,0
1680,0,0
1681,0,0
1682,1,1
1683,0,0
1684,1,1
1685,0,0
1686,1,1
1687,1,1
1688,1,1
1689,1,1
1690,1,1
1691,1,1
1692,0,0
1693,1,0
1694,1,1
1695,0,0
1696,0,0
1697,0,1
1698,1,1
1699,1,0
1700,1,0
1701,0,0
1702,1,1
1703,1,1
1704,1,1
1705,1,1
1706,0,0
1707,0,1
1708,1,1
1709,0,0
1710,0,0
1711,1,0
1712,1,1
1713,1,0
1714,0,0
1715,1,0
1716,1,1
1717,1,1
1718,1,1
1719,1,1
1720,0,0
1721,1,0
1722,1,1
1723,1,1
1724,0,0
1725,1,1
1726,0,1
1727,0,0
1728,1,1
1729,0,0
1730,1,0
1731,1,1
1732,0,0
1733,0,0
1734,1,0
1735,0,0
1736,1,1
1737,0,0
1738,0,0
1739,0,1
1740,1,1
1741,1,1
1742,1,1
1743,1,1
1744,0,0
1745,1,1
1746,1,1
1747,1,1
1748,0,0
1749,0,0
1750,1,1
1751,1,0
1752,1,1
1753,1,0
1754,1,1
1755,0,0
1756,1,0
1757,1,0
1758,0,0
1759,0,0
1760,0,0
1761,0,0
1762,0,0
1763,0,0
1764,0,0
1765,1,1
1766,1,1
1767,1,0
1768,1,1
1769,1,1
1770,0,0
1771,1,1
1772,0,0
1773,1,1
1774,1,1
1775,1,1
1776,0,1
1777,0,0
1778,1,0
1779,0,0
1780,1,1
1781,1,1
1782,0,0
1783,1,1
1784,0,0
1785,0,0
1786,0,0
1787,0,0
1788,1,1
1789,0,0
1790,0,0
1791,0,0
1792,1,1
1793,0,0
1794,1,1
1795,0,0
1796,1,1
1797,1,1
1798,0,0
1799,1,1
1800,0,0
1801,1,0
1802,1,0
1803,0,0
1804,1,0
1805,0,0
1806,0,1
1807,1,0
1808,1,1
1809,1,1
1810,0,0
1811,1,1
1812,1,0
1813,1,1
1814,1,1
1815,0,0
1816,1,0
1817,1,1
1818,1,0
1819,1,1
1820,1,0
1821,1,1
1822,1,1
1823,0,0
1824,0,0
1825,1,1
1826,1,1
1827,0,0
1828,1,1
1829,0,1
1830,1,0
1831,0,0
1832,1,1
1833,1,1
1834,1,1
1835,0,0
1836,1,0
1837,1,1
1838,0,1
1839,0,0
1840,0,0
1841,0,0
1842,1,1
1843,0,0
1844,1,0
1845,0,0
1846,0,0
1847,1,1
1848,0,1
1849,0,0
1850,0,0
1851,1,1
1852,1,0
1853,1,1
1854,1,1
1855,1,1
1856,1,1
1857,1,1
1858,1,0
1859,1,1
1860,0,0
1861,1,0
1862,1,1
1863,1,0
1864,1,1
1865,1,1
1866,1,1
1867,1,1
1868,1,1
1869,1,0
1870,1,1
1871,0,0
1872,1,1
1873,0,0
1874,1,1
1875,1,1
1876,1,0
1877,0,0
1878,1,1
1879,0,0
1880,1,1
1881,1,1
1882,1,1
1883,0,0
1884,1,0
1885,1,1
1886,0,0
1887,1,0
1888,1,1
1889,0,0
1890,1,1
1891,1,1
1892,0,1
1893,1,1
1894,0,0
1895,1,1
1896,1,1
1897,1,0
1898,1,1
1899,0,0
1900,0,0
1901,1,1
1902,1,0
1903,1,1
1904,0,0
1905,0,0
1906,0,0
1907,0,0
1908,1,1
1909,0,0
1910,1,1
1911,1,1
1912,1,0
1913,1,0
1914,0,0
1915,0,0
1916,0,1
1917,0,0
1918,1,1
1919,1,1
1920,1,1
1921,0,0
1922,1,0
1923,1,1
1924,1,0
1925,1,1
1926,0,0
1927,0,0
1928,1,1
1929,1,1
1930,1,1
1931,1,0
1932,0,0
1933,1,0
1934,1,1
1935,1,0
1936,1,0
1937,1,0
1938,1,0
1939,0,0
1940,0,0
1941,1,0
1942,1,1
1943,1,1
1944,1,1
1945,1,1
1946,1,0
1947,0,0
1948,1,0
1949,1,1
1950,0,1
1951,1,1
1952,1,1
1953,1,1
1954,1,0
1955,1,1
1956,1,1
1957,0,1
1958,1,0
1959,0,0
1960,1,0
1961,0,0
1962,1,0
1963,1,1
1964,0,0
1965,0,0
1966,0,0
1967,0,0
1968,1,1
1969,1,1
1970,1,1
1971,1,1
1972,0,0
1973,0,0
1974,1,1
1975,1,0
1976,1,1
1977,1,1
1978,1,0
1979,0,1
1980,1,1
1981,1,1
1982,0,0
1983,0,0
1984,1,0
1985,1,1
1986,1,1
1987,0,0
1988,1,0
1989,1,1
1990,1,1
1991,1,1
1992,1,1
1993,0,0
1994,1,0
1995,0,0
1996,0,0
1997,0,0
1998,1,1
1999,1,1
2000,0,1
2001,0,0
2002,0,0
2003,1,0
2004,0,0
2005,1,1
2006,0,0
2007,0,0
2008,0,0
2009,0,0
2010,0,0
2011,0,0
2012,1,0
2013,0,0
2014,1,1
2015,1,1
2016,1,1
2017,1,1
2018,1,1
2019,0,0
2020,1,1
2021,1,0
2022,1,1
2023,1,0
2024,1,1
2025,1,1
2026,0,0
2027,0,1
2028,0,0
2029,1,1
2030,0,0
2031,1,1
2032,0,0
2033,1,1
2034,1,1
2035,0,1
2036,0,0
2037,0,0
2038,1,1
2039,0,0
2040,1,1
2041,1,0
2042,0,1
2043,0,0
2044,0,0
2045,1,1
2046,0,0
2047,0,0
2048,1,1
2049,0,0
2050,1,1
2051,1,1
2052,1,0
2053,1,1
2054,0,0
2055,0,0
2056,1,1
2057,1,1
2058,0,0
2059,0,0
2060,1,1
2061,1,0
2062,1,1
2063,0,0
2064,0,0
2065,1,0
2066,0,0
2067,1,0
2068,1,0
2069,1,1
2070,0,0
2071,1,1
2072,1,0
2073,1,1
2074,0,0
2075,1,1
2076,1,1
2077,0,0
2078,0,0
2079,0,0
2080,0,0
2081,0,0
2082,0,0
2083,0,0
2084,1,1
2085,1,1
2086,1,1
2087,0,1
2088,0,0
2089,1,0
2090,1,0
2091,1,1
2092,1,0
2093,0,0
2094,0,0
2095,0,0
2096,0,0
2097,1,1
2098,1,1
2099,1,1
2100,0,0
2101,0,0
2102,0,0
2103,1,0
2104,1,1
2105,1,0
2106,1,0
2107,1,0
2108,0,0
2109,1,1
2110,0,0
2111,0,0
2112,1,1
2113,0,0
2114,0,0
2115,1,1
2116,0,0
2117,1,1
2118,0,0
2119,1,1
2120,0,0
2121,1,1
2122,1,0
2123,0,1
2124,1,0
2125,1,0
2126,0,0
2127,1,1
2128,1,0
2129,1,0
2130,1,1
2131,0,0
2132,0,0
2133,1,0
2134,1,1
2135,0,0
2136,1,1
2137,1,0
2138,1,1
2139,0,0
2140,1,1
2141,0,0
2142,1,1
2143,1,1
2144,0,0
2145,1,1
2146,1,1
2147,1,1
2148,1,1
2149,0,0
2150,0,0
2151,0,0
2152,1,1
2153,1,1
2154,1,1
2155,0,0
2156,1,1
2157,1,1
2158,1,1
2159,1,1
2160,1,1
2161,1,1
2162,0,0
2163,1,1
2164,0,0
2165,1,1
2166,0,0
2167,1,1
2168,1,0
2169,0,0
2170,1,1
2171,0,0
2172,1,1
2173,1,1
2174,0,0
2175,1,1
2176,1,0
2177,0,0
2178,0,0
2179,1,1
2180,0,1
2181,1,1
2182,0,0
2183,1,0
2184,1,0
2185,0,0
2186,1,1
2187,1,1
2188,0,0
2189,1,1
2190,1,1
2191,1,1
2192,1,1
2193,0,0
2194,1,0
2195,0,0
2196,0,0
2197,1,0
2198,0,0
2199,1,1
2200,1,1
2201,0,0
2202,1,1
2203,0,0
2204,1,0
2205,0,0
2206,1,1
2207,0,1
2208,0,0
2209,1,0
2210,1,0
2211,0,0
2212,1,0
2213,0,0
2214,1,1
2215,0,0
2216,1,0
2217,1,1
2218,1,0
2219,1,1
2220,1,1
2221,0,0
2222,0,0
2223,1,1
2224,0,1
2225,1,1
2226,1,1
2227,1,1
2228,1,1
2229,1,0
2230,0,0
2231,0,0
2232,0,0
2233,1,1
2234,1,1
2235,1,1
2236,1,1
2237,1,1
2238,1,1
2239,0,0
2240,1,1
2241,1,1
2242,1,0
2243,1,0
2244,1,1
2245,0,0
2246,0,0
2247,1,0
2248,1,0
2249,0,0
2250,0,0
2251,1,1
2252,1,1
2253,1,0
2254,0,1
2255,0,0
2256,1,1
2257,1,1
2258,1,1
2259,0,0
2260,1,1
2261,1,1
2262,0,0
2263,1,1
2264,1,1
2265,0,0
2266,1,1
2267,1,1
2268,1,1
2269,1,0
2270,1,1
2271,1,1
2272,1,1
2273,0,0
2274,1,0
2275,0,1
2276,1,1
2277,1,0
2278,0,1
2279,0,0
2280,0,0
2281,1,1
2282,1,1
2283,1,0
2284,0,1
2285,0,0
2286,1,1
2287,1,1
2288,1,1
2289,0,1
2290,0,1
2291,1,0
2292,0,1
2293,1,0
2294,1,1
2295,1,1
2296,1,1
2297,1,1
2298,1,1
2299,0,0
2300,1,1
2301,1,1
2302,1,1
2303,1,1
2304,0,0
2305,1,1
2306,1,0
2307,1,1
2308,1,0
2309,0,1
2310,1,1
2311,0,0
2312,1,1
2313,1,1
2314,0,0
2315,1,0
2316,1,1
2317,1,0
2318,0,0
2319,0,1
2320,1,1
2321,1,1
2322,0,0
2323,1,0
2324,0,0
2325,1,0
2326,1,1
2327,0,0
2328,1,0
2329,0,1
2330,1,1
2331,1,1
2332,1,1
2333,1,0
2334,1,1
2335,0,0
2336,0,0
2337,0,0
2338,0,0
2339,1,1
2340,0,0
2341,1,0
2342,1,1
2343,0,0
2344,0,0
2345,0,0
2346,1,1
2347,1,0
2348,0,0
2349,0,0
2350,1,1
2351,1,1
2352,1,1
2353,0,0
2354,1,0
2355,1,0
2356,0,0
2357,1,0
2358,0,1
2359,1,1
2360,1,1
2361,0,1
2362,1,1
2363,1,1
2364,0,0
2365,1,1
2366,1,1
2367,0,0
2368,1,0
2369,0,0
2370,1,1
2371,1,1
2372,1,1
2373,0,0
2374,0,0
2375,0,0
2376,0,0
2377,0,0
2378,1,1
2379,0,0
2380,1,0
2381,1,0
2382,1,1
2383,1,1
2384,1,1
2385,0,0
2386,0,0
2387,0,0
2388,0,0
2389,0,0
2390,1,0
2391,1,1
2392,1,0
2393,1,0
2394,1,0
2395,1,0
2396,1,1
2397,1,0
2398,0,1
2399,1,1
2400,1,1
2401,1,1
2402,1,1
2403,1,1
2404,0,0
2405,1,0
2406,0,0
2407,0,0
2408,1,1
2409,1,1
2410,1,0
2411,1,1
2412,1,1
2413,1,1
2414,0,0
2415,1,0
2416,1,1
2417,1,1
2418,1,1
2419,1,1
2420,1,1
2421,0,0
2422,1,1
2423,1,1
2424,0,0
2425,1,1
2426,0,0
2427,1,0
2428,1,1
2429,1,0
2430,1,0
2431,0,0
2432,1,1
2433,0,0
2434,0,1
2435,0,0
2436,1,1
2437,1,0
2438,1,0
2439,1,1
2440,1,1
2441,1,0
2442,1,1
2443,1,1
2444,0,0
2445,1,0
2446,1,1
2447,1,1
2448,0,1
2449,1,1
2450,1,1
2451,0,0
2452,0,0
2453,0,0
2454,0,1
2455,0,0
2456,1,1
2457,1,1
2458,1,1
2459,1,0
2460,0,0
2461,1,1
2462,1,1
2463,1,0
2464,1,0
2465,1,1
2466,1,1
2467,1,0
2468,0,0
2469,0,0
2470,0,0
2471,1,1
2472,1,0
2473,0,0
2474,1,1
2475,0,0
2476,0,0
2477,0,1
2478,1,0
2479,1,1
2480,1,1
2481,0,0
2482,0,0
2483,1,0
2484,1,0
2485,0,0
2486,1,1
2487,0,0
2488,1,1
2489,1,1
2490,1,1
2491,0,0
2492,1,1
2493,1,1
2494,1,1
2495,0,0
2496,0,0
2497,1,1
2498,1,1
2499,1,1
2500,0,0
2501,1,0
2502,0,0
2503,1,0
2504,0,0
2505,0,0
2506,1,0
2507,0,0
2508,1,1
2509,0,0
2510,1,0
2511,1,1
2512,0,0
2513,1,0
2514,1,1
2515,0,0
2516,1,1
2517,1,1
2518,1,1
2519,1,1
2520,1,1
2521,1,1
2522,1,0
2523,1,0
2524,1,0
2525,1,0
2526,1,0
2527,0,0
2528,1,1
2529,0,1
2530,0,0
2531,1,0
2532,0,0
2533,0,0
2534,1,1
2535,1,0
2536,1,1
2537,1,1
2538,0,0
2539,1,1
2540,0,0
2541,0,0
2542,1,1
2543,1,1
2544,1,1
2545,0,0
2546,0,0
2547,1,0
2548,1,0
2549,0,0
2550,1,1
2551,1,1
2552,1,1
2553,1,1
2554,1,1
2555,1,1
2556,1,1
2557,0,0
2558,1,1
2559,1,1
2560,1,0
2561,1,1
2562,1,1
2563,1,1
2564,1,1
2565,0,0
2566,1,1
2567,0,0
2568,1,1
2569,1,1
2570,1,1
2571,1,0
2572,1,1
2573,0,0
2574,0,0
2575,1,1
2576,1,1
2577,1,1
2578,0,0
2579,1,1
2580,0,0
2581,1,1
2582,0,0
2583,0,0
2584,1,1
2585,0,0
2586,0,1
2587,1,1
2588,1,1
2589,1,1
2590,1,1
2591,1,0
2592,1,0
2593,0,0
2594,1,0
2595,0,0
2596,0,0
2597,1,0
2598,0,0
2599,1,1
2600,1,0
2601,0,0
2602,1,1
2603,1,1
2604,0,1
2605,1,1
2606,1,0
2607,1,1
2608,1,1
2609,0,0
2610,1,1
2611,1,1
2612,1,1
2613,0,0
2614,1,1
2615,1,1
2616,1,1
2617,0,0
2618,1,1
2619,1,1
2620,0,0
2621,0,0
2622,1,1
2623,0,1
2624,1,1
2625,0,0
2626,1,0
2627,0,0
2628,0,0
2629,1,1
2630,1,0
2631,0,0
2632,1,0
2633,0,0
2634,1,1
2635,1,1
2636,1,0
2637,0,0
2638,1,1
2639,1,1
2640,1,0
2641,1,1
2642,0,1
2643,1,1
2644,0,0
2645,1,1
2646,0,0
2647,1,1
2648,1,0
2649,1,1
2650,0,1
2651,1,0
2652,1,1
2653,1,0
2654,1,1
2655,1,1
2656,1,1
2657,0,0
2658,1,1
2659,1,1
2660,1,0
2661,1,1
2662,1,1
2663,0,0
2664,0,0
2665,1,1
2666,1,1
2667,1,1
2668,0,0
2669,1,0
2670,1,0
2671,1,1
2672,1,1
2673,0,0
2674,1,1
2675,1,0
2676,0,0
2677,1,0
2678,1,0
2679,1,0
2680,1,1
2681,1,1
2682,1,1
2683,0,0
2684,1,1
2685,0,1
2686,1,0
2687,0,1
2688,0,0
2689,1,0
2690,1,1
2691,1,1
2692,0,0
2693,1,1
2694,0,0
2695,0,0
2696,1,1
2697,0,0
2698,0,0
2699,0,0
2700,0,0
2701,0,0
2702,0,0
2703,1,1
2704,1,1
2705,1,1
2706,1,1
2707,0,0
2708,0,0
2709,1,1
2710,1,0
2711,1,1
2712,1,1
2713,1,1
2714,1,1
2715,0,0
2716,1,0
2717,1,1
2718,0,0
2719,0,0
2720,1,1
2721,1,1
2722,1,1
2723,1,1
2724,1,1
2725,1,1
2726,0,0
2727,1,0
2728,1,1
2729,1,0
2730,0,0
2731,1,1
2732,0,0
2733,1,0
2734,0,0
2735,0,0
2736,1,1
2737,0,0
2738,0,0
2739,0,0
2740,0,0
2741,1,1
2742,0,0
2743,1,1
2744,1,1
2745,1,1
2746,1,1
2747,1,1
2748,1,0
2749,0,0
2750,0,0
2751,1,0
2752,1,0
2753,1,0
2754,1,1
2755,1,0
2756,0,0
2757,0,0
2758,1,1
2759,1,1
2760,1,1
2761,1,1
2762,1,0
2763,1,1
2764,1,1
2765,0,0
2766,0,0
2767,0,0
2768,1,0
2769,0,0
2770,1,1
2771,1,1
2772,0,0
2773,0,0
2774,1,1
2775,1,1
2776,0,0
2777,0,0
2778,0,0
2779,0,0
2780,1,1
2781,0,1
2782,0,0
2783,0,0
2784,1,1
2785,1,1
2786,0,1
2787,1,1
2788,0,0
2789,1,0
2790,0,0
2791,1,1
2792,0,1
2793,1,1
2794,1,1
2795,1,1
2796,1,1
2797,0,0
2798,1,1
2799,0,0
2800,1,1
2801,1,1
2802,0,0
2803,0,0
2804,0,0
2805,0,0
2806,1,0
2807,1,1
2808,1,1
2809,1,0
2810,0,0
2811,1,0
2812,1,1
2813,0,0
2814,1,0
2815,1,1
2816,1,1
2817,0,0
2818,0,0
2819,1,1
2820,1,1
2821,1,0
2822,1,1
2823,1,1
2824,1,1
2825,1,1
2826,1,1
2827,1,0
2828,0,0
2829,1,0
2830,1,0
2831,0,0
2832,0,1
2833,0,1
2834,1,0
2835,0,0
2836,0,0
2837,1,1
2838,1,0
2839,1,1
2840,1,1
2841,0,0
2842,1,0
2843,0,1
2844,0,0
2845,1,1
2846,0,1
2847,1,1
2848,1,1
2849,1,0
2850,1,1
2851,0,0
2852,1,1
2853,0,0
2854,0,0
2855,1,1
2856,1,0
2857,0,0
2858,1,1
2859,0,0
2860,1,1
2861,1,1
2862,0,0
2863,1,1
2864,1,1
2865,1,1
2866,1,0
2867,1,0
2868,1,1
2869,1,1
2870,1,1
2871,1,1
2872,1,1
2873,1,1
2874,1,1
2875,1,0
2876,1,1
2877,0,0
2878,1,1
2879,0,0
2880,0,0
2881,0,1
2882,0,0
2883,1,1
2884,1,0
2885,0,1
2886,1,1
2887,1,1
2888,1,1
2889,0,1
2890,1,0
2891,0,0
2892,1,1
2893,1,1
2894,0,1
2895,0,0
2896,1,0
2897,1,1
2898,1,1
2899,0,0
2900,1,1
2901,1,0
2902,1,1
2903,0,0
2904,1,0
2905,0,0
2906,0,1
2907,1,0
2908,0,1
2909,1,1
2910,1,0
2911,1,0
2912,0,0
2913,0,0
2914,0,0
2915,0,0
2916,0,0
2917,1,0
2918,0,0
2919,1,1
2920,0,0
2921,1,1
2922,1,1
2923,1,0
2924,0,0
2925,0,1
2926,1,0
2927,0,0
2928,1,1
2929,0,0
2930,1,1
2931,1,1
2932,1,0
2933,0,0
2934,1,1
2935,0,0
2936,1,1
2937,0,0
2938,1,1
2939,1,1
2940,1,1
2941,1,1
2942,1,1
2943,0,0
2944,1,1
2945,0,0
2946,0,0
2947,1,0
2948,1,0
2949,1,1
2950,1,0
2951,0,0
2952,1,1
2953,1,0
2954,1,1
2955,1,0
2956,1,1
2957,0,0
2958,1,1
2959,1,1
2960,1,1
2961,1,0
2962,0,0
2963,1,1
2964,1,1
2965,1,1
2966,0,0
2967,1,1
2968,1,1
2969,1,1
2970,1,0
2971,0,0
2972,1,0
2973,1,0
2974,1,1
2975,0,0
2976,1,1
2977,1,1
2978,0,0
2979,0,0
2980,1,1
2981,0,0
2982,1,1
2983,1,1
2984,1,1
2985,1,0
2986,1,1
2987,1,1
2988,1,0
2989,0,0
2990,1,1
2991,0,0
2992,0,0
2993,1,1
2994,1,1
2995,1,1
2996,0,0
2997,1,1
2998,1,1
2999,0,0
3000,1,1
3001,1,1
3002,1,1
3003,1,0
3004,0,0
3005,1,0
3006,1,0
3007,0,0
3008,1,1
3009,1,1
3010,1,1
3011,1,1
3012,1,0
3013,0,0
3014,1,1
3015,1,1
3016,0,0
3017,1,0
3018,1,1
3019,0,1
3020,1,0
3021,0,1
3022,0,1
3023,1,1
3024,1,1
3025,1,1
3026,0,0
3027,1,1
3028,0,1
3029,1,1
3030,0,0
3031,1,1
3032,0,0
3033,0,0
3034,0,0
3035,0,0
3036,1,1
3037,1,1
3038,0,0
3039,1,1
3040,1,1
3041,1,1
3042,1,1
3043,0,0
3044,0,0
3045,1,1
3046,0,0
3047,1,1
3048,1,0
3049,1,1
3050,1,1
3051,0,0
3052,1,1
3053,0,0
3054,1,0
3055,0,0
3056,0,0
3057,1,1
3058,1,1
3059,1,1
3060,1,0
3061,1,0
3062,0,0
3063,0,0
3064,0,0
3065,1,1
3066,0,0
3067,0,1
3068,1,1
3069,1,1
3070,0,0
3071,1,0
3072,0,0
3073,0,0
3074,1,1
3075,0,0
3076,0,0
3077,1,1
3078,0,0
3079,1,0
3080,1,1
3081,1,0
3082,0,0
3083,1,0
3084,1,1
3085,0,0
3086,1,1
3087,1,0
3088,0,0
3089,0,0
3090,0,0
3091,1,1
3092,1,1
3093,1,1
3094,0,0
3095,0,1
3096,0,0
3097,1,0
3098,1,1
3099,1,1
3100,0,0
3101,1,0
3102,1,0
3103,1,1
3104,0,0
3105,1,1
3106,1,1
3107,0,0
3108,1,1
3109,1,1
3110,1,1
3111,1,1
3112,1,1
3113,1,0
3114,1,1
3115,1,0
3116,0,0
3117,1,1
3118,0,0
3119,1,1
3120,1,1
3121,0,0
3122,1,1
3123,1,1
3124,1,0
3125,1,1
3126,0,0
3127,1,1
3128,0,1
3129,1,1
3130,0,0
3131,0,0
3132,1,0
3133,1,1
3134,1,1
3135,0,1
3136,1,1
3137,1,0
3138,1,1
3139,0,0
3140,0,0
3141,1,0
3142,1,1
3143,0,0
3144,0,0
3145,1,1
3146,1,0
3147,0,0
3148,1,1
3149,1,0
3150,1,1
3151,1,0
3152,1,1
3153,0,0
3154,0,0
3155,1,1
3156,1,1
3157,1,1
3158,1,1
3159,1,1
3160,1,0
3161,1,0
3162,0,0
3163,1,0
3164,1,1
3165,0,0
3166,1,0
3167,1,0
3168,1,1
3169,1,1
3170,1,1
3171,0,0
3172,0,0
3173,0,0
3174,1,1
3175,1,1
3176,0,0
3177,0,0
3178,1,1
3179,1,1
3180,0,0
3181,0,0
3182,0,0
3183,1,1
3184,1,1
3185,1,1
3186,0,0
3187,1,0
3188,0,0
3189,1,0
3190,1,1
3191,1,1
3192,1,0
3193,0,1
3194,1,1
3195,0,1
3196,0,0
3197,0,0
3198,1,1
3199,1,1
3200,0,0
3201,0,0
3202,1,1
3203,1,1
3204,1,1
3205,1,0
3206,1,1
3207,1,1
3208,1,1
3209,0,0
3210,0,1
3211,0,0
3212,1,1
3213,1,1
3214,1,0
3215,1,1
3216,1,1
3217,1,1
3218,1,1
3219,0,0
3220,1,1
3221,1,1
3222,1,0
3223,0,0
3224,0,0
3225,0,0
3226,0,1
3227,0,0
3228,0,0
3229,1,1
3230,1,0
3231,0,0
3232,1,1
3233,1,1
3234,1,1
3235,0,0
3236,0,0
3237,1,1
3238,0,0
3239,1,1
3240,1,1
3241,1,0
3242,0,0
3243,0,0
3244,1,0
3245,0,0
3246,1,1
3247,1,1
3248,1,1
3249,0,0
3250,0,0
3251,1,1
3252,1,1
3253,1,1
3254,1,1
3255,1,1
3256,0,0
3257,1,1
3258,1,1
3259,0,0
3260,1,1
3261,0,0
3262,1,0
3263,0,0
3264,1,1
3265,1,1
3266,1,0
3267,0,0
3268,0,0
3269,1,1
3270,1,0
3271,0,0
3272,0,1
3273,1,0
3274,0,0
3275,0,0
3276,1,0
3277,0,0
3278,1,0
3279,0,0
3280,0,0
3281,1,1
3282,1,0
3283,0,0
3284,1,1
3285,1,1
3286,1,1
3287,1,1
3288,1,1
3289,1,1
3290,1,1
3291,1,1
3292,1,1
3293,1,1
3294,0,0
3295,0,0
3296,0,0
3297,0,0
3298,1,1
3299,1,1
3300,0,0
3301,1,1
3302,0,0
3303,0,1
3304,1,1
3305,0,0
3306,0,0
3307,1,1
3308,0,0
3309,0,0
3310,1,1
3311,0,1
3312,1,1
3313,0,0
3314,1,1
3315,1,0
3316,0,0
3317,1,1
3318,0,0
3319,1,1
3320,0,0
3321,1,1
3322,0,0
3323,0,0
3324,0,0
3325,1,1
3326,1,1
3327,0,0
3328,1,1
3329,1,0
3330,0,0
3331,0,0
3332,1,0
3333,1,1
3334,1,0
3335,0,1
3336,1,1
3337,1,1
3338,1,1
3339,0,1
3340,0,0
3341,0,0
3342,0,1
3343,1,1
3344,0,0
3345,1,0
3346,1,1
3347,0,0
3348,1,1
3349,0,1
3350,1,0
3351,1,0
3352,1,1
3353,1,1
3354,1,0
3355,0,0
3356,1,1
3357,0,0
3358,0,0
3359,0,0
3360,1,0
3361,1,0
3362,0,0
3363,0,0
3364,1,1
3365,1,1
3366,1,1
3367,1,1
3368,1,0
3369,1,0
3370,0,0
3371,0,0
3372,1,1
3373,1,1
3374,0,0
3375,1,1
3376,0,0
3377,1,1
3378,0,0
3379,1,0
3380,0,0
3381,1,1
3382,1,1
3383,1,0
3384,1,1
3385,1,0
3386,1,1
3387,1,0
3388,1,1
3389,1,0
3390,0,0
3391,1,1
3392,1,0
3393,1,1
3394,1,1
3395,1,1
3396,0,0
3397,0,0
3398,1,1
3399,1,0
3400,1,0
3401,1,0
3402,0,0
3403,0,0
3404,0,0
3405,0,0
3406,1,1
3407,1,1
3408,1,1
3409,1,1
3410,1,0
3411,1,0
3412,1,1
3413,0,0
3414,1,1
3415,0,0
3416,1,1
3417,1,1
3418,0,0
3419,0,0
3420,0,0
3421,1,1
3422,1,1
3423,0,0
3424,1,0
3425,1,1
3426,0,1
3427,1,0
3428,0,0
3429,1,1
3430,1,1
3431,0,1
3432,1,0
3433,0,0
3434,1,0
3435,1,1
3436,1,1
3437,0,1
3438,1,1
3439,1,1
3440,0,0
3441,0,1
3442,0,0
3443,0,0
3444,1,1
3445,1,1
3446,1,0
3447,0,0
3448,0,0
3449,0,1
3450,1,1
3451,1,1
3452,0,1
3453,0,0
3454,1,0
3455,0,0
3456,0,0
3457,1,1
3458,0,1
3459,0,0
3460,1,0
3461,1,0
3462,1,1
3463,1,1
3464,1,0
3465,1,0
3466,1,0
3467,0,0
3468,1,1
3469,0,0
3470,1,0
3471,0,0
3472,0,0
3473,1,0
3474,0,0
3475,0,0
3476,1,1
3477,0,0
3478,0,0
3479,0,0
3480,1,1
3481,0,0
3482,0,0
3483,0,0
3484,1,1
3485,0,0
3486,1,1
3487,0,0
3488,0,0
3489,1,0
3490,0,0
3491,1,1
3492,1,1
3493,0,0
3494,1,1
3495,1,1
3496,1,1
3497,0,1
3498,1,1
3499,0,0
3500,1,1
3501,0,0
3502,0,0
3503,0,0
3504,0,0
3505,1,1
3506,0,0
3507,1,1
3508,1,1
3509,0,0
3510,1,1
3511,1,0
3512,1,0
3513,1,1
3514,0,0
3515,1,0
3516,1,1
3517,0,0
3518,1,1
3519,1,1
3520,1,1
3521,0,0
3522,1,1
3523,1,1
3524,0,0
3525,0,0
3526,0,0
3527,1,1
3528,0,0
3529,1,1
3530,1,1
3531,0,0
3532,1,1
3533,1,1
3534,1,1
3535,1,1
3536,1,0
3537,1,1
3538,0,1
3539,0,0
3540,0,0
3541,1,1
3542,0,0
3543,0,0
3544,0,0
3545,0,0
3546,1,1
3547,1,0
3548,1,1
3549,0,1
3550,0,0
3551,1,1
3552,1,1
3553,1,1
3554,1,1
3555,1,0
3556,1,0
3557,0,1
3558,1,1
3559,1,1
3560,1,1
3561,1,1
3562,0,0
3563,0,0
3564,1,1
3565,1,1
3566,0,1
3567,1,0
3568,1,1
3569,1,1
3570,0,0
3571,1,1
3572,1,1
3573,1,1
3574,1,0
3575,1,0
3576,0,0
3577,0,0
3578,0,0
3579,0,0
3580,1,1
3581,0,0
3582,0,0
3583,0,0
3584,1,1
3585,1,0
3586,1,1
3587,0,0
3588,1,1
3589,1,0
3590,1,1
3591,0,0
3592,1,0
3593,1,1
3594,0,0
3595,1,1
3596,0,0
3597,0,0
3598,1,1
3599,0,0
3600,0,0
3601,1,1
3602,1,1
3603,0,0
3604,0,0
3605,0,0
3606,1,1
3607,1,0
3608,1,1
3609,1,1
3610,1,1
3611,1,1
3612,1,1
3613,1,0
3614,1,0
3615,1,0
3616,0,1
3617,1,1
3618,1,0
3619,1,0
3620,1,0
3621,1,0
3622,1,1
3623,1,1
3624,0,1
3625,0,1
3626,1,1
3627,1,1
3628,1,1
3629,0,0
3630,0,0
3631,0,0
3632,0,0
3633,1,0
3634,0,0
3635,1,1
3636,1,1
3637,1,1
3638,1,1
3639,0,0
3640,0,0
3641,1,0
3642,0,0
3643,0,0
3644,0,0
3645,1,1
3646,0,1
3647,0,0
3648,0,0
3649,1,1
3650,0,0
3651,0,0
3652,1,1
3653,1,1
3654,1,1
3655,0,0
3656,1,0
3657,0,1
3658,1,0
3659,0,0
3660,1,1
3661,0,1
3662,1,1
3663,1,1
3664,0,0
3665,1,1
3666,1,1
3667,0,0
3668,0,1
3669,0,0
3670,1,1
3671,1,0
3672,1,1
3673,1,1
3674,0,0
3675,1,1
3676,0,0
3677,0,0
3678,0,0
3679,0,0
3680,0,0
3681,0,0
3682,0,1
3683,0,0
3684,1,1
3685,1,1
3686,0,0
3687,0,0
3688,0,0
3689,1,1
3690,0,0
3691,0,0
3692,1,1
3693,0,0
3694,0,1
3695,1,1
3696,1,1
3697,0,0
3698,0,0
3699,1,1
3700,1,1
3701,1,0
3702,1,0
3703,1,1
3704,1,1
3705,1,1
3706,1,1
3707,0,0
3708,1,1
3709,0,0
3710,0,0
3711,1,0
3712,0,0
3713,1,1
3714,0,0
3715,0,0
3716,1,1
3717,1,0
3718,0,0
3719,1,0
3720,0,0
3721,1,1
3722,1,1
3723,0,0
3724,1,0
3725,1,0
3726,1,1
3727,0,0
3728,1,0
3729,0,0
3730,1,0
3731,0,0
3732,1,1
3733,1,0
3734,0,0
3735,0,1
3736,1,1
3737,0,1
3738,1,1
3739,1,1
3740,0,0
3741,1,1
3742,1,1
3743,0,0
3744,1,1
3745,1,1
3746,1,1
3747,1,1
3748,0,0
3749,1,1
3750,0,0
3751,1,0
3752,0,0
3753,0,0
3754,1,1
3755,0,0
3756,1,1
3757,1,1
3758,1,1
3759,1,1
3760,0,0
3761,1,0
3762,0,0
3763,1,1
3764,0,0
3765,1,1
3766,1,1
3767,1,1
3768,1,1
3769,1,1
3770,1,0
3771,0,0
3772,1,0
3773,0,0
3774,1,1
3775,1,1
3776,1,1
3777,1,1
3778,1,1
3779,0,0
3780,1,1
3781,0,0
3782,0,0
3783,1,0
3784,0,0
3785,0,0
3786,0,0
3787,0,1
3788,1,0
3789,1,1
3790,1,1
3791,1,1
3792,0,0
3793,1,1
3794,1,0
3795,0,0
3796,1,1
3797,1,1
3798,1,1
3799,0,0
3800,1,1
3801,0,1
3802,1,1
3803,0,0
3804,1,1
3805,1,1
3806,1,1
3807,1,1
3808,0,1
3809,1,0
3810,1,1
3811,1,0
3812,1,1
3813,1,1
3814,1,1
3815,0,0
3816,1,1
3817,1,0
3818,1,0
3819,1,0
3820,1,1
3821,1,0
3822,0,0
3823,1,0
3824,1,1
3825,1,0
3826,0,0
3827,0,1
3828,1,1
3829,1,0
3830,1,1
3831,0,0
3832,1,0
3833,0,0
3834,0,0
3835,1,1
3836,1,0
3837,1,1
3838,1,1
3839,1,1
3840,0,0
3841,1,1
3842,1,1
3843,1,0
3844,0,0
3845,1,1
3846,0,0
3847,1,0
3848,0,0
3849,0,0
3850,1,1
3851,0,0
3852,1,0
3853,1,1
3854,1,1
3855,1,1
3856,1,1
3857,1,1
3858,1,1
3859,1,1
3860,1,1
3861,0,0
3862,0,1
3863,1,1
3864,0,0
3865,1,1
3866,0,0
3867,1,1
3868,1,0
3869,0,0
3870,1,1
3871,0,0
3872,1,1
3873,0,0
3874,1,1
3875,1,1
3876,1,1
3877,0,0
3878,1,1
3879,1,1
3880,0,0
3881,1,1
3882,1,1
3883,0,0
3884,0,0
3885,1,1
3886,1,1
3887,1,0
3888,1,0
3889,1,1
3890,0,0
3891,1,1
3892,1,0
3893,1,1
3894,0,0
3895,0,0
3896,1,1
3897,0,0
3898,0,0
3899,0,0
3900,0,0
3901,0,0
3902,1,0
3903,1,1
3904,1,1
3905,0,0
3906,1,0
3907,1,1
3908,0,0
3909,1,0
3910,1,0
3911,1,0
3912,1,1
3913,1,1
3914,1,1
3915,0,0
3916,0,0
3917,0,0
3918,1,1
3919,1,1
3920,0,0
3921,1,1
3922,1,0
3923,0,0
3924,1,1
3925,1,1
3926,1,1
3927,1,1
3928,1,0
3929,0,0
3930,1,1
3931,0,0
3932,1,1
3933,1,0
3934,1,0
3935,1,0
3936,0,0
3937,1,1
3938,0,1
3939,1,1
3940,1,1
3941,0,0
3942,0,0
3943,0,0
3944,0,0
3945,0,0
3946,1,0
3947,1,1
3948,0,0
3949,1,0
3950,1,1
3951,1,0
3952,0,0
3953,0,0
3954,1,1
3955,1,1
3956,0,0
3957,1,1
3958,1,1
3959,1,1
3960,0,0
3961,1,1
3962,1,1
3963,1,1
3964,0,0
3965,0,0
3966,0,0
3967,1,1
3968,1,1
3969,0,0
3970,0,1
3971,1,1
3972,1,0
3973,0,0
3974,0,0
3975,0,0
3976,0,0
3977,1,0
3978,1,1
3979,1,1
3980,0,0
3981,0,1
3982,1,0
3983,1,1
3984,1,1
3985,1,1
3986,1,1
3987,1,1
3988,1,1
3989,0,0
3990,0,0
3991,1,1
3992,1,0
3993,1,1
3994,1,0
3995,1,1
3996,1,1
3997,1,1
3998,1,1
3999,0,0
4000,1,0
4001,0,0
4002,1,1
4003,0,0
4004,1,1
4005,1,1
4006,1,1
4007,1,0
4008,1,1
4009,1,1
4010,1,0
4011,1,1
4012,0,0
4013,1,1
4014,0,0
4015,0,0
4016,1,1
4017,1,1
4018,0,0
4019,1,1
4020,1,1
4021,1,1
4022,0,0
4023,1,1
4024,1,1
4025,1,1
4026,1,0
4027,0,0
4028,1,1
4029,1,1
4030,1,0
4031,0,0
4032,1,1
4033,1,1
4034,1,1
4035,1,1
4036,1,0
4037,1,0
4038,1,0
4039,1,1
4040,1,1
4041,0,0
4042,1,1
4043,0,0
4044,0,0
4045,1,0
4046,1,1
4047,1,1
4048,1,0
4049,1,1
4050,1,1
4051,0,1
4052,1,1
4053,0,0
4054,0,0
4055,0,0
4056,0,0
4057,0,0
4058,0,0
4059,1,1
4060,1,1
4061,1,0
4062,1,1
4063,0,0
4064,1,0
4065,1,0
4066,1,1
4067,1,1
4068,1,1
4069,0,0
4070,1,1
4071,1,1
4072,1,0
4073,1,1
4074,0,0
4075,0,0
4076,0,0
4077,0,0
4078,0,1
4079,1,1
4080,1,1
4081,1,0
4082,0,0
4083,0,0
4084,0,0
4085,1,0
4086,0,0
4087,1,1
4088,1,1
4089,1,1
4090,0,0
4091,1,0
4092,1,1
4093,0,0
4094,1,1
4095,1,1
4096,1,1
4097,0,0
4098,0,0
4099,1,1
4100,0,0
4101,1,1
4102,0,0
4103,1,1
4104,1,0
4105,1,1
4106,0,1
4107,1,0
4108,1,1
4109,1,1
4110,1,1
4111,1,1
4112,1,1
4113,0,0
4114,1,1
4115,0,0
4116,1,0
4117,1,0
4118,0,0
4119,1,1
4120,1,0
4121,1,0
4122,1,1
4123,1,1
4124,1,1
4125,0,0
4126,1,0
4127,0,0
4128,1,0
4129,0,0
4130,0,0
4131,0,0
4132,0,0
4133,1,0
4134,1,1
4135,0,1
4136,0,0
4137,0,0
4138,1,1
4139,1,1
4140,1,0
4141,1,1
4142,0,0
4143,1,1
4144,0,0
4145,0,0
4146,1,0
4147,0,0
4148,0,1
4149,0,0
4150,0,0
4151,0,0
4152,1,1
4153,1,1
4154,0,1
4155,0,0
4156,1,1
4157,1,0
4158,0,1
4159,1,0
4160,1,1
4161,0,1
4162,1,0
4163,1,0
4164,1,0
4165,0,0
4166,1,1
4167,0,0
4168,1,1
4169,1,1
4170,0,0
4171,1,0
4172,1,0
4173,0,1
4174,1,1
4175,0,0
4176,1,1
4177,0,1
4178,1,1
4179,1,1
4180,0,0
4181,0,0
4182,1,1
4183,1,1
4184,0,0
4185,0,0
4186,1,1
4187,0,0
4188,0,0
4189,1,1
4190,1,0
4191,1,1
4192,1,0
4193,0,0
4194,1,0
4195,0,0
4196,0,0
4197,0,0
4198,0,0
4199,1,1
4200,0,0
4201,1,1
4202,0,0
4203,0,0
4204,1,1
4205,1,0
4206,1,1
4207,0,0
4208,0,0
4209,1,1
4210,0,0
4211,0,1
4212,0,0
4213,1,0
4214,1,1
4215,1,1
4216,0,0
4217,1,1
4218,1,1
4219,0,0
4220,1,1
4221,0,0
4222,0,0
4223,1,1
4224,1,0
4225,0,0
4226,1,1
4227,1,1
4228,1,1
4229,1,1
4230,0,0
4231,1,1
4232,1,1
4233,0,0
4234,1,1
4235,1,0
4236,0,0
4237,0,0
4238,0,0
4239,0,0
4240,0,0
4241,1,1
4242,0,0
4243,1,1
4244,1,1
4245,1,1
4246,1,1
4247,0,0
4248,1,1
4249,0,0
4250,1,0
4251,1,1
4252,0,0
4253,1,1
4254,1,1
4255,0,0
4256,1,0
4257,1,1
4258,0,0
4259,0,0
4260,1,1
4261,0,0
4262,1,1
4263,0,0
4264,1,0
4265,1,0
4266,1,0
4267,0,0
4268,1,1
4269,0,0
4270,0,0
4271,1,1
4272,0,0
4273,1,1
4274,0,0
4275,1,1
4276,0,0
4277,1,0
4278,1,1
4279,0,0
4280,1,1
4281,1,1
4282,0,0
4283,0,0
4284,1,0
4285,1,1
4286,1,1
4287,1,1
4288,0,0
4289,1,1
4290,1,1
4291,1,1
4292,1,1
4293,0,0
4294,1,1
4295,1,1
4296,0,0
4297,0,0
4298,1,1
4299,1,1
4300,0,0
4301,1,0
4302,0,0
4303,1,1
4304,1,0
4305,1,1
4306,1,0
4307,0,0
4308,0,0
4309,1,1
4310,1,1
4311,0,0
4312,1,0
4313,1,1
4314,1,0
4315,0,0
4316,1,1
4317,1,1
4318,1,1
4319,1,1
4320,1,0
4321,1,1
4322,0,0
4323,0,0
4324,0,0
4325,1,1
4326,1,0
4327,1,0
4328,1,0
4329,0,0
4330,0,0
4331,1,1
4332,1,0
4333,1,1
4334,0,0
4335,1,0
4336,0,0
4337,0,0
4338,0,0
4339,1,0
4340,1,1
4341,1,1
4342,0,0
4343,1,0
4344,1,1
4345,1,0
4346,1,0
4347,0,0
4348,1,1
4349,0,0
4350,0,0
4351,1,1
4352,1,1
4353,0,0
4354,1,1
4355,1,1
4356,0,0
4357,1,1
4358,1,1
4359,1,1
4360,1,1
4361,0,0
4362,1,1
4363,0,1
4364,1,1
4365,1,0
4366,1,0
4367,1,0
4368,1,1
4369,1,0
4370,1,1
4371,0,0
4372,1,1
4373,0,0
4374,1,0
4375,1,1
4376,1,1
4377,1,0
4378,1,1
4379,1,1
4380,1,1
4381,0,0
4382,1,0
4383,1,1
4384,1,1
4385,1,1
4386,1,1
4387,0,0
4388,1,1
4389,0,0
4390,1,1
4391,0,0
4392,1,1
4393,1,1
4394,1,1
4395,1,1
4396,0,0
4397,1,1
4398,1,1
4399,1,1
4400,1,1
4401,1,1
4402,0,0
4403,0,0
4404,0,0
4405,1,1
4406,1,1
4407,1,1
4408,0,0
4409,0,0
4410,1,0
4411,1,1
4412,0,1
4413,1,0
4414,0,0
4415,1,1
4416,1,1
4417,1,1
4418,1,0
4419,1,0
4420,0,0
4421,0,0
4422,1,1
4423,1,1
4424,0,0
4425,1,0
4426,1,0
4427,0,0
4428,1,0
4429,0,1
4430,0,0
4431,0,0
4432,0,0
4433,0,0
4434,1,1
4435,0,0
4436,1,1
4437,1,1
4438,1,0
4439,1,1
4440,1,1
4441,0,0
4442,0,0
4443,0,1
4444,1,1
4445,1,1
4446,1,1
4447,0,0
4448,1,0
4449,1,0
4450,1,1
4451,1,0
4452,1,1
4453,1,1
4454,1,1
4455,1,0
4456,1,1
4457,1,1
4458,1,1
4459,1,1
4460,1,1
4461,0,0
4462,1,0
4463,1,1
4464,0,1
4465,1,1
4466,1,1
4467,0,0
4468,0,1
4469,0,0
4470,1,1
4471,1,1
4472,0,0
4473,0,0
4474,1,1
4475,1,1
4476,0,1
4477,1,0
4478,1,1
4479,0,0
4480,0,0
4481,1,1
4482,0,0
4483,0,0
4484,0,0
4485,0,0
4486,1,1
4487,0,0
4488,0,0
4489,0,0
4490,0,0
4491,1,1
4492,1,1
4493,0,0
4494,1,1
4495,0,0
4496,1,1
4497,1,1
4498,0,0
4499,0,1
4500,1,1
4501,1,1
4502,0,0
4503,0,0
4504,1,1
4505,1,0
4506,1,1
4507,0,0
4508,1,1
4509,1,1
4510,0,0
4511,1,1
4512,1,1
4513,0,0
4514,0,0
4515,1,1
4516,1,0
4517,0,0
4518,1,0
4519,1,1
4520,1,1
4521,1,1
4522,0,0
4523,0,0
4524,0,0
4525,1,0
4526,0,0
4527,0,0
4528,1,1
4529,0,0
4530,1,1
4531,1,0
4532,1,1
4533,1,1
4534,0,0
4535,1,1
4536,0,0
4537,1,0
4538,0,0
4539,0,0
4540,0,1
4541,1,1
4542,0,0
4543,1,0
4544,1,1
4545,1,1
4546,0,0
4547,0,0
4548,0,0
4549,1,1
4550,1,1
4551,0,0
4552,1,1
4553,1,1
4554,1,0
4555,0,1
4556,1,0
4557,0,0
4558,0,0
4559,0,0
4560,0,0
4561,1,1
4562,0,0
4563,0,0
4564,1,0
4565,1,1
4566,1,1
4567,0,1
4568,1,1
4569,0,1
4570,1,1
4571,1,1
4572,1,1
4573,1,1
4574,0,0
4575,1,1
4576,1,0
4577,1,1
4578,1,1
4579,1,1
4580,1,1
4581,0,0
4582,1,1
4583,1,1
4584,1,1
4585,1,0
4586,1,1
4587,1,1
4588,1,1
4589,0,0
4590,1,0
4591,1,0
4592,1,1
4593,0,0
4594,1,1
4595,0,0
4596,0,0
4597,0,0
4598,0,0
4599,1,1
4600,0,0
4601,1,1
4602,1,1
4603,1,1
4604,1,1
4605,1,1
4606,1,1
4607,0,0
4608,1,1
4609,0,0
4610,1,0
4611,1,1
4612,1,0
4613,1,1
4614,1,1
4615,1,1
4616,1,1
4617,1,1
4618,1,1
4619,0,0
4620,0,1
4621,1,1
4622,1,1
4623,1,1
4624,1,1
4625,0,0
4626,1,1
4627,0,0
4628,1,1
4629,1,1
4630,1,1
4631,1,1
4632,1,0
4633,1,1
4634,1,1
4635,1,1
4636,1,1
4637,1,0
4638,1,0
4639,1,0
4640,1,1
4641,0,0
4642,0,0
4643,1,1
4644,1,1
4645,0,0
4646,1,0
4647,1,1
4648,1,1
4649,1,1
4650,1,0
4651,1,1
4652,1,0
4653,1,1
4654,1,0
4655,0,0
4656,1,1
4657,1,1
4658,1,0
4659,1,0
4660,1,1
4661,1,0
4662,1,0
4663,0,0
4664,1,0
4665,1,0
4666,1,0
4667,0,0
4668,0,0
4669,1,0
4670,1,1
4671,1,0
4672,1,1
4673,1,1
4674,1,1
4675,1,1
4676,1,1
4677,0,0
4678,0,0
4679,1,1
4680,0,0
4681,1,0
4682,0,1
4683,0,0
4684,0,0
4685,1,1
4686,1,1
4687,1,1
4688,0,0
4689,1,1
4690,0,0
4691,0,0
4692,1,0
4693,1,1
4694,0,1
4695,1,1
4696,0,0
4697,0,0
4698,1,0
4699,0,0
4700,0,1
4701,1,0
4702,1,1
4703,1,0
4704,1,0
4705,0,0
4706,0,0
4707,1,1
4708,0,0
4709,0,0
4710,1,0
4711,1,0
4712,0,1
4713,0,0
4714,0,0
4715,1,1
4716,1,0
4717,0,0
4718,1,1
4719,0,1
4720,0,0
4721,0,0
4722,0,0
4723,0,0
4724,1,0
4725,0,0
4726,0,0
4727,1,1
4728,0,0
4729,0,0
4730,1,1
4731,1,0
4732,0,0
4733,0,0
4734,1,0
4735,1,0
4736,0,0
4737,0,0
4738,1,1
4739,0,0
4740,1,1
4741,1,1
4742,1,1
4743,1,1
4744,0,0
4745,1,1
4746,0,0
4747,1,0
4748,1,1
4749,0,1
4750,0,0
4751,0,1
4752,1,1
4753,1,0
4754,1,0
4755,0,0
4756,0,0
4757,0,1
4758,1,1
4759,0,0
4760,0,1
4761,1,1
4762,0,0
4763,1,0
4764,1,0
4765,0,1
4766,1,0
4767,1,0
4768,1,1
4769,1,1
4770,1,1
4771,0,0
4772,0,0
4773,0,0
4774,1,1
4775,1,0
4776,0,0
4777,0,0
4778,0,0
4779,0,0
4780,1,1
4781,1,1
4782,0,0
4783,0,1
4784,0,0
4785,1,1
4786,0,1
4787,1,1
4788,1,1
4789,1,0
4790,1,1
4791,1,1
4792,1,1
4793,1,0
4794,0,0
4795,1,1
4796,0,0
4797,0,1
4798,0,0
4799,0,0
4800,1,1
4801,0,1
4802,0,0
4803,1,1
4804,1,1
4805,0,0
4806,1,1
4807,0,0
4808,1,0
4809,1,1
4810,1,1
4811,0,0
4812,0,0
4813,0,0
4814,1,0
4815,1,0
4816,1,1
4817,1,1
4818,0,0
4819,0,0
4820,1,0
4821,0,0
4822,1,1
4823,1,0
4824,1,1
4825,1,1
4826,1,1
4827,1,1
4828,0,0
4829,1,1
4830,1,1
4831,1,1
4832,0,0
4833,1,0
4834,1,1
4835,1,1
4836,1,0
4837,0,0
4838,1,1
4839,1,1
4840,0,1
4841,1,0
4842,1,1
4843,1,1
4844,1,1
4845,1,1
4846,1,1
4847,0,0
4848,0,0
4849,1,1
4850,0,0
4851,1,1
4852,0,0
4853,1,0
4854,1,1
4855,1,1
4856,1,0
4857,1,1
4858,0,0
4859,1,1
4860,0,0
4861,1,0
4862,1,1
4863,1,0
4864,1,1
4865,1,1
4866,0,0
4867,1,1
4868,1,1
4869,1,1
4870,1,1
4871,0,0
4872,1,0
4873,0,0
4874,1,1
4875,1,0
4876,0,0
4877,1,0
4878,1,1
4879,1,1
4880,1,1
4881,0,0
4882,1,1
4883,0,1
4884,1,1
4885,1,1
4886,1,1
4887,1,1
4888,0,1
4889,0,0
4890,0,0
4891,1,1
4892,1,1
4893,0,0
4894,0,0
4895,1,1
4896,1,1
4897,0,1
4898,0,1
4899,0,1
4900,0,0
4901,0,0
4902,1,0
4903,1,1
4904,1,1
4905,1,1
4906,0,0
4907,1,1
4908,0,0
4909,0,0
4910,1,1
4911,1,1
4912,0,0
4913,1,1
4914,1,0
4915,0,0
4916,1,0
4917,0,0
4918,1,1
4919,1,1
4920,0,0
4921,0,0
4922,0,0
4923,0,0
4924,1,1
4925,0,0
4926,1,0
4927,1,1
4928,1,1
4929,1,0
4930,1,1
4931,1,0
4932,1,1
4933,1,1
4934,1,1
4935,1,0
4936,1,1
4937,1,0
4938,0,0
4939,1,1
4940,0,0
4941,0,0
4942,1,1
4943,0,1
4944,1,1
4945,1,0
4946,0,0
4947,0,1
4948,1,0
4949,0,0
4950,0,1
4951,1,1
4952,1,0
4953,1,1
4954,0,0
4955,1,1
4956,0,0
4957,0,0
4958,1,1
4959,0,0
4960,1,1
4961,0,0
4962,1,1
4963,1,1
4964,1,0
4965,1,1
4966,1,1
4967,1,1
4968,1,0
4969,1,1
4970,1,1
4971,0,0
4972,1,1
4973,0,1
4974,1,1
4975,1,1
4976,0,0
4977,1,1
4978,0,0
4979,0,0
4980,0,0
4981,1,1
4982,1,1
4983,1,0
4984,1,1
4985,0,0
4986,1,1
4987,0,0
4988,1,0
4989,1,1
4990,1,1
4991,1,0
4992,1,0
4993,0,1
4994,0,0
4995,1,1
4996,0,1
4997,0,0
4998,1,1
4999,1,1
5000,1,1
5001,0,0
5002,0,0
5003,1,1
5004,1,1
5005,0,0
5006,1,1
5007,0,1
5008,1,1
5009,0,0
5010,1,1
5011,1,1
5012,1,1
5013,0,0
5014,1,0
5015,1,1
5016,0,0
5017,0,0
5018,0,0
5019,0,0
5020,1,1
5021,1,0
5022,1,1
5023,1,1
5024,0,0
5025,1,1
5026,1,1
5027,1,1
5028,0,0
5029,1,0
5030,1,1
5031,1,1
5032,1,1
5033,0,0
5034,1,0
5035,1,1
5036,1,1
5037,1,1
5038,1,0
5039,0,0
5040,0,1
5041,1,1
5042,1,1
5043,0,0
5044,1,0
5045,0,0
5046,1,1
5047,1,1
5048,0,1
5049,0,0
5050,1,1
5051,1,1
5052,1,1
5053,1,1
5054,1,1
5055,0,0
5056,0,0
5057,1,1
5058,1,1
5059,1,1
5060,1,1
5061,0,0
5062,0,0
5063,1,1
5064,0,0
5065,0,0
5066,1,1
5067,1,1
5068,0,0
5069,0,0
5070,0,1
5071,1,0
5072,0,0
5073,1,1
5074,0,0
5075,0,0
5076,1,0
5077,0,0
5078,1,1
5079,0,0
5080,0,0
5081,1,1
5082,1,0
5083,0,0
5084,1,1
5085,1,0
5086,0,0
5087,1,1
5088,1,1
5089,0,0
5090,0,0
5091,1,0
5092,0,0
5093,0,0
5094,1,1
5095,0,0
5096,0,0
5097,1,1
5098,1,1
5099,1,0
5100,0,0
5101,1,0
5102,1,0
5103,1,1
5104,0,0
5105,1,0
5106,1,1
5107,1,1
5108,0,0
5109,1,0
5110,1,0
5111,1,0
5112,0,0
5113,1,1
5114,0,0
5115,0,0
5116,0,0
5117,1,1
5118,0,0
5119,1,0
5120,1,1
5121,1,1
5122,0,0
5123,1,1
5124,0,0
5125,0,0
5126,1,1
5127,1,0
5128,1,1
5129,1,0
5130,1,1
5131,0,0
5132,1,0
5133,0,0
5134,0,0
5135,1,1
5136,1,1
5137,1,0
5138,0,0
5139,1,1
5140,1,1
5141,0,0
5142,1,1
5143,0,0
5144,1,1
5145,1,0
5146,1,1
5147,1,1
5148,1,0
5149,1,1
5150,1,1
5151,0,1
5152,1,1
5153,1,1
5154,0,0
5155,0,0
5156,1,0
5157,1,1
5158,1,0
5159,0,0
5160,1,0
5161,1,0
5162,1,0
5163,1,1
5164,0,1
5165,1,1
5166,1,1
5167,0,0
5168,1,0
5169,1,0
5170,1,0
5171,1,1
5172,0,0
5173,1,0
5174,1,0
5175,0,0
5176,0,0
5177,0,0
5178,1,0
5179,0,1
5180,0,0
5181,0,0
5182,1,1
5183,1,1
5184,0,0
5185,1,0
5186,1,0
5187,0,0
5188,1,1
5189,0,0
5190,1,1
5191,1,1
5192,1,1
5193,1,1
5194,0,0
5195,1,1
5196,0,0
5197,0,1
5198,1,1
5199,1,1
5200,0,0
5201,1,1
5202,1,1
5203,1,1
5204,1,1
5205,1,1
5206,1,1
5207,1,1
5208,0,0
5209,1,1
5210,1,1
5211,0,0
5212,1,1
5213,0,0
5214,0,0
5215,1,1
5216,1,1
5217,1,0
5218,1,1
5219,0,0
5220,0,0
5221,1,1
5222,1,0
5223,1,0
5224,1,1
5225,0,0
5226,1,1
5227,0,0
5228,1,1
5229,1,1
5230,0,0
5231,1,1
5232,0,0
5233,1,1
5234,1,1
5235,1,0
5236,1,1
5237,0,0
5238,1,1
5239,1,1
5240,1,1
5241,0,1
5242,0,0
5243,0,0
5244,0,0
5245,0,0
5246,0,0
5247,1,1
5248,0,1
5249,1,0
5250,0,0
5251,1,1
5252,1,1
5253,1,1
5254,1,1
5255,0,0
5256,1,1
5257,1,1
5258,1,1
5259,1,1
5260,1,1
5261,1,1
5262,1,1
5263,1,1
5264,1,0
5265,0,1
5266,1,1
5267,1,0
5268,1,0
5269,1,1
5270,1,1
5271,1,1
5272,0,1
5273,1,1
5274,0,0
5275,1,1
5276,1,0
5277,1,1
5278,1,1
5279,0,1
5280,0,0
5281,0,0
5282,1,0
5283,0,0
5284,0,0
5285,1,1
5286,1,1
5287,0,1
5288,1,0
5289,1,1
5290,0,0
5291,0,0
5292,1,1
5293,1,1
5294,1,1
5295,1,1
5296,0,0
5297,1,1
5298,1,1
5299,0,0
5300,1,1
5301,1,0
5302,1,0
5303,1,1
5304,0,0
5305,1,0
5306,1,1
5307,0,0
5308,1,1
5309,1,1
5310,0,0
5311,0,1
5312,1,0
5313,1,1
5314,1,1
5315,1,0
5316,1,1
5317,0,0
5318,1,0
5319,1,1
5320,1,1
5321,1,0
5322,1,0
5323,1,0
5324,0,0
5325,1,1
5326,1,1
5327,0,1
5328,1,0
5329,1,1
5330,0,0
5331,0,0
5332,0,0
5333,0,0
5334,1,0
5335,1,1
5336,1,1
5337,1,1
5338,0,0
5339,1,1
5340,0,0
5341,0,0
5342,1,1
5343,1,1
5344,0,0
5345,1,1
5346,1,1
5347,0,0
5348,1,0
5349,0,0
5350,1,1
5351,1,1
5352,0,0
5353,1,1
5354,0,0
5355,0,1
5356,1,1
5357,1,1
5358,1,1
5359,0,0
5360,1,1
5361,0,0
5362,0,0
5363,0,0
5364,0,0
5365,1,1
5366,1,0
5367,1,0
5368,1,1
5369,0,0
5370,1,1
5371,1,0
5372,1,0
5373,0,0
5374,1,1
5375,1,1
5376,0,0
5377,0,0
5378,1,0
5379,1,1
5380,0,0
5381,1,1
5382,0,0
5383,1,1
5384,0,0
5385,1,1
5386,1,0
5387,1,1
5388,0,0
5389,1,1
5390,0,1
5391,1,0
5392,0,0
5393,1,0
5394,1,1
5395,1,1
5396,1,1
5397,0,0
5398,0,0
5399,1,1
5400,1,1
5401,1,1
5402,1,1
5403,1,1
5404,1,0
5405,1,1
5406,1,1
5407,0,0
5408,1,1
5409,1,1
5410,0,0
5411,1,1
5412,1,1
5413,1,0
5414,1,1
5415,0,0
5416,1,0
5417,1,1
5418,0,1
5419,1,1
5420,1,1
5421,0,0
5422,0,1
5423,1,1
5424,1,1
5425,1,1
5426,1,0
5427,1,1
5428,0,0
5429,1,0
5430,1,0
5431,1,1
5432,1,1
5433,1,1
5434,1,0
5435,0,1
5436,1,0
5437,1,0
5438,0,0
5439,0,0
5440,1,1
5441,0,0
5442,1,0
5443,0,0
5444,1,1
5445,1,1
5446,1,0
5447,1,1
5448,1,1
5449,1,0
5450,1,1
5451,1,1
5452,0,0
5453,0,0
5454,0,0
5455,1,0
5456,0,1
5457,1,0
5458,1,0
5459,1,0
5460,1,0
5461,0,1
5462,1,0
5463,1,1
5464,0,0
5465,1,1
5466,1,1
5467,1,1
5468,1,1
5469,1,1
5470,1,1
5471,0,0
5472,1,1
5473,1,0
5474,0,0
5475,1,1
5476,0,0
5477,1,1
5478,1,1
5479,1,1
5480,1,0
5481,0,0
5482,1,1
5483,1,1
5484,0,0
5485,1,1
5486,1,1
5487,1,1
5488,0,1
5489,1,1
5490,1,1
5491,0,1
5492,0,0
5493,1,1
5494,0,0
5495,1,0
5496,0,0
5497,0,0
5498,0,0
5499,1,0
5500,0,0
5501,0,1
5502,0,0
5503,1,1
5504,1,0
5505,0,0
5506,1,1
5507,0,0
5508,1,1
5509,1,1
5510,0,0
5511,0,0
5512,0,0
5513,1,1
5514,0,0
5515,1,0
5516,0,0
5517,1,1
5518,1,0
5519,0,0
5520,0,0
5521,1,1
5522,0,0
5523,1,1
5524,1,1
5525,1,1
5526,0,0
5527,1,1
5528,0,0
5529,1,1
5530,0,1
5531,1,1
5532,0,0
5533,0,0
5534,1,1
5535,0,0
5536,1,0
5537,1,1
5538,0,0
5539,1,1
5540,1,1
5541,0,0
5542,1,1
5543,1,1
5544,1,1
5545,1,1
5546,0,0
5547,1,1
5548,0,0
5549,0,0
5550,1,1
5551,1,1
5552,1,1
5553,1,1
5554,1,1
5555,1,1
5556,0,0
5557,1,1
5558,1,1
5559,0,1
5560,0,0
5561,1,1
5562,0,0
5563,1,1
5564,0,0
5565,1,1
5566,0,0
5567,0,0
5568,1,1
5569,1,0
5570,1,1
5571,0,0
5572,0,0
5573,1,1
5574,1,1
5575,1,1
5576,1,1
5577,1,1
5578,1,1
5579,1,0
5580,0,0
5581,0,0
5582,1,1
5583,0,0
5584,1,1
5585,1,1
5586,1,1
5587,1,1
5588,1,0
5589,1,1
5590,1,1
5591,1,1
5592,0,0
5593,1,1
5594,1,1
5595,1,1
5596,0,0
5597,1,1
5598,1,1
5599,0,0
5600,1,1
5601,1,1
5602,0,0
5603,1,1
5604,0,0
5605,1,1
5606,1,1
5607,0,0
5608,0,0
5609,1,1
5610,0,1
5611,1,0
5612,1,1
5613,1,0
5614,1,0
5615,0,0
5616,1,0
5617,1,1
5618,1,0
5619,1,1
5620,1,1
5621,0,0
5622,1,1
5623,0,0
5624,1,1
5625,1,0
5626,1,1
5627,0,0
5628,1,1
5629,1,0
5630,1,1
5631,1,1
5632,1,1
5633,1,0
5634,1,0
5635,0,0
5636,0,1
5637,0,0
5638,0,1
5639,0,0
5640,0,0
5641,1,1
5642,1,0
5643,1,0
5644,0,1
5645,1,1
5646,0,0
5647,1,1
5648,1,1
5649,1,1
5650,1,1
5651,0,0
5652,0,0
5653,0,0
5654,1,1
5655,1,1
5656,0,0
5657,0,0
5658,0,0
5659,1,1
5660,0,1
5661,1,1
5662,0,0
5663,1,1
5664,1,1
5665,1,0
5666,1,1
5667,1,0
5668,0,0
5669,1,1
5670,1,0
5671,0,0
5672,1,1
5673,0,0
5674,1,1
5675,0,0
5676,1,1
5677,1,1
5678,1,1
5679,1,0
5680,0,0
5681,1,0
5682,1,1
5683,1,1
5684,1,0
5685,1,1
5686,1,1
5687,1,0
5688,1,1
5689,0,0
5690,1,1
5691,1,1
5692,1,0
5693,1,1
5694,1,1
5695,0,1
5696,1,0
5697,0,0
5698,1,0
5699,1,1
5700,1,1
5701,1,1
5702,0,0
5703,0,0
5704,0,1
5705,0,0
5706,0,0
5707,1,1
5708,0,0
5709,0,0
5710,0,0
5711,0,0
5712,0,0
5713,0,0
5714,1,1
5715,0,0
5716,1,1
5717,0,1
5718,1,1
5719,1,1
5720,0,0
5721,1,1
5722,1,1
5723,0,0
5724,1,0
5725,1,1
5726,1,0
5727,1,1
5728,0,0
5729,1,0
5730,0,0
5731,1,0
5732,1,1
5733,1,1
5734,0,0
5735,0,0
5736,1,1
5737,0,1
5738,1,1
5739,1,1
5740,1,0
5741,1,0
5742,1,1
5743,0,0
5744,1,0
5745,1,1
5746,1,1
5747,0,0
5748,0,0
5749,1,0
5750,1,1
5751,0,0
5752,0,0
5753,1,1
5754,1,1
5755,0,0
5756,1,0
5757,1,1
5758,0,0
5759,0,1
5760,1,1
5761,1,1
5762,1,0
5763,1,1
5764,1,1
5765,1,1
5766,1,1
5767,1,0
5768,1,1
5769,1,0
5770,1,1
5771,1,1
5772,1,1
5773,1,1
5774,1,0
5775,1,1
5776,1,1
5777,1,1
5778,1,1
5779,0,0
5780,1,1
5781,0,0
5782,1,1
5783,1,1
5784,1,0
5785,1,1
5786,0,0
5787,1,1
5788,1,0
5789,0,0
5790,1,1
5791,0,0
5792,1,1
5793,0,0
5794,0,0
5795,0,1
5796,0,0
5797,1,0
5798,1,1
5799,0,0
5800,0,0
5801,1,1
5802,0,0
5803,1,0
5804,1,1
5805,1,1
5806,1,0
5807,1,1
5808,1,1
5809,1,1
5810,1,1
5811,1,1
5812,1,1
5813,1,1
5814,1,1
5815,1,1
5816,1,0
5817,0,1
5818,1,1
5819,0,0
5820,0,0
5821,1,1
5822,0,0
5823,0,1
5824,0,0
5825,1,0
5826,1,1
5827,1,1
5828,1,1
5829,1,1
5830,1,1
5831,0,0
5832,0,1
5833,1,1
5834,1,1
5835,0,0
5836,1,1
5837,1,1
5838,1,1
5839,0,0
5840,1,1
5841,1,1
5842,0,1
5843,1,0
5844,1,1
5845,1,0
5846,1,1
5847,1,1
5848,0,0
5849,1,1
5850,1,0
5851,1,0
5852,1,1
5853,1,1
5854,1,1
5855,1,1
5856,1,1
5857,0,0
5858,1,1
5859,1,1
5860,0,0
5861,0,0
5862,1,1
5863,1,1
5864,1,1
5865,0,0
5866,1,0
5867,1,1
5868,0,0
5869,1,1
5870,1,1
5871,0,0
5872,0,0
5873,0,0
5874,0,0
5875,0,0
5876,0,0
5877,1,1
5878,0,0
5879,1,0
5880,1,0
5881,1,0
5882,1,1
5883,0,0
5884,0,0
5885,0,0
5886,0,1
5887,1,1
5888,1,1
5889,0,0
5890,0,0
5891,1,1
5892,0,0
5893,1,1
5894,1,0
5895,0,0
5896,1,0
5897,1,1
5898,1,0
5899,1,1
5900,1,0
5901,0,0
5902,1,1
5903,0,1
5904,1,1
5905,1,1
5906,1,1
5907,0,0
5908,1,1
5909,0,0
5910,0,0
5911,0,0
5912,1,1
5913,0,0
5914,0,0
5915,0,0
5916,1,1
5917,1,1
5918,1,1
5919,1,0
5920,1,1
5921,1,0
5922,0,0
5923,0,0
5924,0,0
5925,0,0
5926,1,1
5927,1,1
5928,1,0
5929,1,1
5930,1,1
5931,0,0
5932,1,1
5933,0,0
5934,1,0
5935,1,0
5936,1,1
5937,1,1
5938,1,1
5939,1,0
5940,1,1
5941,1,1
5942,0,0
5943,0,0
5944,1,1
5945,1,1
5946,0,0
5947,1,1
5948,1,1
5949,1,1
5950,0,0
5951,0,0
5952,0,0
5953,0,0
5954,1,1
5955,1,0
5956,0,0
5957,1,1
5958,1,0
5959,1,1
5960,1,1
5961,0,0
5962,1,0
5963,1,1
5964,1,1
5965,1,1
5966,1,0
5967,1,1
5968,1,1
5969,1,1
5970,0,0
5971,1,0
5972,0,0
5973,0,1
5974,1,1
5975,1,0
5976,1,1
5977,1,1
5978,1,1
5979,0,0
5980,1,1
5981,1,1
5982,1,0
5983,1,1
5984,1,0
5985,1,1
5986,1,0
5987,1,1
5988,1,0
5989,1,1
5990,0,0
5991,0,0
5992,1,1
5993,1,1
5994,1,0
5995,1,0
5996,0,0
5997,1,1
5998,0,0
5999,1,1
6000,1,1
6001,0,0
6002,0,0
6003,0,0
6004,1,0
6005,1,1
6006,0,0
6007,1,1
6008,0,0
6009,0,0
6010,1,0
6011,1,1
6012,1,1
6013,1,0
6014,1,1
6015,0,0
6016,0,0
6017,0,0
6018,1,1
6019,0,0
6020,0,0
6021,0,0
6022,1,1
6023,1,0
6024,1,0
6025,0,1
6026,1,1
6027,0,0
6028,1,0
6029,1,0
6030,1,1
6031,0,0
6032,1,0
6033,1,1
6034,1,0
6035,1,1
6036,0,0
6037,0,0
6038,0,0
6039,0,0
6040,0,0
6041,0,0
6042,0,0
6043,1,0
6044,1,1
6045,0,0
6046,1,1
6047,1,1
6048,0,0
6049,1,1
6050,1,0
6051,1,1
6052,0,0
6053,0,0
6054,0,0
6055,1,0
6056,0,0
6057,1,1
6058,0,0
6059,1,1
6060,1,0
6061,0,0
6062,1,0
6063,1,1
6064,1,1
6065,0,0
6066,1,1
6067,0,0
6068,1,1
6069,0,0
6070,1,0
6071,1,0
6072,1,1
6073,0,0
6074,1,1
6075,1,1
6076,1,1
6077,1,1
6078,1,1
6079,0,0
6080,1,1
6081,0,0
6082,1,1
6083,1,0
6084,0,0
6085,1,1
6086,0,0
6087,1,1
6088,1,1
6089,1,1
6090,0,0
6091,1,1
6092,1,1
6093,1,1
6094,1,1
6095,0,0
6096,0,0
6097,1,1
6098,1,1
6099,1,1
6100,1,1
6101,1,1
6102,0,0
6103,1,0
6104,0,0
6105,1,0
6106,1,1
6107,0,0
6108,1,1
6109,1,1
6110,1,1
6111,1,0
6112,1,1
6113,0,0
6114,1,0
6115,0,0
6116,0,0
6117,1,1
6118,1,0
6119,0,1
6120,0,1
6121,1,1
6122,0,0
6123,0,0
6124,1,1
6125,0,0
6126,1,1
6127,0,0
6128,1,1
6129,0,0
6130,0,0
6131,1,0
6132,1,1
6133,1,1
6134,1,1
6135,0,0
6136,0,0
6137,0,1
6138,1,1
6139,1,1
6140,0,0
6141,1,0
6142,1,0
6143,1,1
6144,1,1
6145,0,1
6146,1,0
6147,1,0
6148,0,0
6149,0,0
6150,0,1
6151,1,1
6152,0,0
6153,0,0
6154,1,0
6155,0,0
6156,0,0
6157,1,0
6158,1,1
6159,0,1
6160,1,1
6161,0,1
6162,1,1
6163,0,0
6164,1,1
6165,0,1
6166,0,0
6167,1,1
6168,1,0
6169,1,1
6170,1,1
6171,1,1
6172,1,0
6173,0,0
6174,1,1
6175,1,0
6176,1,0
6177,0,1
6178,0,0
6179,1,1
6180,1,1
6181,0,0
6182,0,0
6183,1,1
6184,0,0
6185,1,1
6186,1,1
6187,1,0
6188,1,1
6189,1,0
6190,1,1
6191,0,0
6192,0,0
6193,1,1
6194,0,0
6195,1,1
6196,1,1
6197,0,0
6198,0,0
6199,0,0
6200,1,1
6201,0,0
6202,1,0
6203,1,0
6204,1,1
6205,1,0
6206,1,1
6207,1,1
6208,1,0
6209,1,1
6210,1,1
6211,0,1
6212,1,1
6213,1,0
6214,0,0
6215,0,0
6216,0,1
6217,1,0
6218,0,0
6219,1,1
6220,0,1
6221,1,1
6222,1,1
6223,0,0
6224,0,0
6225,1,0
6226,1,1
6227,1,1
6228,1,1
6229,0,0
6230,0,1
6231,0,0
6232,1,0
6233,1,0
6234,0,0
6235,0,0
6236,1,1
6237,0,0
6238,1,0
6239,0,0
6240,1,1
6241,1,1
6242,1,1
6243,0,0
6244,0,0
6245,1,1
6246,0,0
6247,1,1
6248,0,0
6249,1,1
6250,0,0
6251,1,1
6252,1,0
6253,1,0
6254,1,1
6255,1,0
6256,0,0
6257,0,0
6258,1,1
6259,1,0
6260,1,1
6261,1,0
6262,0,0
6263,1,1
6264,1,0
6265,1,0
6266,0,0
6267,0,0
6268,1,1
6269,1,1
6270,1,1
6271,1,0
6272,1,1
6273,1,1
6274,1,1
6275,1,1
6276,0,0
6277,0,0
6278,1,0
6279,1,1
6280,0,0
6281,1,1
6282,1,1
6283,0,0
6284,0,0
6285,1,1
6286,1,1
6287,0,0
6288,0,0
6289,1,0
6290,0,0
6291,1,1
6292,1,1
6293,1,1
6294,1,1
6295,0,0
6296,0,0
6297,0,0
6298,1,1
6299,1,1
6300,0,0
6301,1,0
6302,1,0
6303,1,1
6304,1,0
6305,0,0
6306,1,1
6307,1,1
6308,1,1
6309,0,0
6310,0,0
6311,1,1
6312,1,0
6313,1,1
6314,1,0
6315,1,0
6316,0,0
6317,1,1
6318,1,0
6319,1,1
6320,1,1
6321,1,1
6322,0,0
6323,1,1
6324,1,1
6325,1,1
6326,1,1
6327,1,1
6328,0,0
6329,0,0
6330,1,1
6331,1,1
6332,1,1
6333,1,1
6334,1,0
6335,1,1
6336,0,0
6337,0,1
6338,1,1
6339,0,0
6340,0,0
6341,0,0
6342,0,0
6343,0,0
6344,0,0
6345,1,1
6346,1,1
6347,1,1
6348,1,0
6349,1,0
6350,1,1
6351,1,1
6352,1,1
6353,1,0
6354,1,1
6355,1,1
6356,1,0
6357,1,0
6358,1,1
6359,0,0
6360,0,1
6361,1,0
6362,0,0
6363,0,0
6364,1,1
6365,1,0
6366,1,1
6367,1,1
6368,0,0
6369,0,0
6370,1,0
6371,1,1
6372,1,1
6373,0,0
6374,0,0
6375,1,1
6376,1,1
6377,1,0
6378,0,0
6379,1,1
6380,0,0
6381,1,1
6382,1,0
6383,1,1
6384,1,1
6385,1,0
6386,1,1
6387,0,0
6388,1,1
6389,0,0
6390,1,1
6391,0,0
6392,0,0
6393,1,1
6394,1,1
6395,1,1
6396,0,0
6397,1,0
6398,0,0
6399,1,0
6400,0,0
6401,0,0
6402,1,1
6403,0,0
6404,1,1
6405,1,1
6406,0,0
6407,1,0
6408,0,1
6409,1,0
6410,1,1
6411,0,0
6412,1,1
6413,1,1
6414,0,0
6415,0,0
6416,0,0
6417,1,1
6418,1,0
6419,1,1
6420,0,0
6421,1,0
6422,1,1
6423,1,0
6424,1,1
6425,0,0
6426,1,1
6427,0,0
6428,0,0
6429,1,1
6430,0,0
6431,1,1
6432,1,0
6433,1,0
6434,1,1
6435,0,0
6436,0,0
6437,1,1
6438,1,0
6439,1,1
6440,1,1
6441,1,1
6442,0,0
6443,0,0
6444,1,1
6445,0,0
6446,0,0
6447,1,1
6448,1,1
6449,1,1
6450,1,1
6451,1,1
6452,1,1
6453,0,0
6454,1,1
6455,0,0
6456,1,1
6457,0,0
6458,1,1
6459,0,0
6460,1,1
6461,1,1
6462,0,1
6463,1,1
6464,0,0
6465,0,0
6466,0,0
6467,1,0
6468,0,0
6469,1,1
6470,0,0
6471,0,0
6472,1,1
6473,1,1
6474,0,0
6475,0,0
6476,1,0
6477,1,1
6478,1,1
6479,1,1
6480,1,1
6481,0,0
6482,1,1
6483,0,0
6484,1,1
6485,1,1
6486,1,1
6487,1,1
6488,1,1
6489,1,0
6490,0,0
6491,1,1
6492,1,1
6493,0,0
6494,0,0
6495,1,1
6496,0,0
6497,0,1
6498,1,1
6499,0,0
6500,0,0
6501,0,1
6502,1,1
6503,1,1
6504,1,1
6505,0,0
6506,1,0
6507,1,1
6508,1,1
6509,1,1
6510,1,1
6511,0,0
6512,0,0
6513,1,0
6514,1,1
6515,0,0
6516,0,0
6517,1,1
6518,1,0
6519,1,1
6520,0,0
6521,0,0
6522,0,0
6523,1,1
6524,0,0
6525,0,0
6526,1,1
6527,1,0
6528,1,0
6529,1,1
6530,0,0
6531,1,1
6532,1,1
6533,1,1
6534,1,1
6535,0,0
6536,1,0
6537,0,1
6538,0,0
6539,0,0
6540,0,1
6541,0,0
6542,1,1
6543,0,0
6544,1,1
6545,0,0
6546,1,1
6547,0,0
6548,1,1
6549,1,1
6550,1,1
6551,1,1
6552,0,0
6553,1,1
6554,0,0
6555,1,0
6556,1,0
6557,0,0
6558,1,1
6559,1,0
6560,0,1
6561,0,0
6562,1,0
6563,0,0
6564,0,0
6565,0,0
6566,1,1
6567,0,1
6568,0,0
6569,1,1
6570,0,0
6571,1,1
6572,1,1
6573,0,0
6574,0,0
6575,0,1
6576,0,0
6577,1,1
6578,1,0
6579,1,1
6580,1,1
6581,1,1
6582,0,0
6583,1,0
6584,1,0
6585,0,0
6586,1,0
6587,0,0
6588,1,1
6589,1,1
6590,0,0
6591,1,0
6592,0,0
6593,1,1
6594,1,1
6595,1,1
6596,0,0
6597,0,0
6598,1,1
6599,0,0
6600,0,0
6601,1,1
6602,1,0
6603,0,0
6604,0,0
6605,1,1
6606,1,1
6607,0,0
6608,0,0
6609,0,0
6610,0,0
6611,0,1
6612,1,0
6613,1,0
6614,0,0
6615,0,0
6616,1,1
6617,1,0
6618,1,1
6619,1,1
6620,0,0
6621,1,1
6622,1,1
6623,1,0
6624,0,0
6625,1,1
6626,1,1
6627,1,1
6628,1,1
6629,1,1
6630,1,1
6631,0,0
6632,1,1
6633,0,0
6634,0,0
6635,0,0
6636,1,1
6637,1,1
6638,1,1
6639,0,0
6640,1,1
6641,1,0
6642,1,0
6643,1,0
6644,1,1
6645,0,0
6646,1,1
6647,0,0
6648,1,1
6649,0,0
6650,0,0
6651,1,1
6652,1,0
6653,0,0
6654,1,0
6655,1,0
6656,1,1
6657,1,1
6658,1,1
6659,1,1
6660,1,1
6661,0,0
6662,0,0
6663,0,0
6664,1,1
6665,1,0
6666,0,0
6667,1,1
6668,0,0
6669,0,0
6670,0,0
6671,1,1
6672,1,1
6673,0,1
6674,0,0
6675,0,0
6676,1,0
6677,1,0
6678,1,1
6679,1,1
6680,0,0
6681,1,1
6682,1,0
6683,1,1
6684,1,1
6685,1,0
6686,1,1
6687,1,1
6688,1,1
6689,0,0
6690,1,1
6691,1,1
6692,1,1
6693,1,1
6694,0,0
6695,0,0
6696,0,0
6697,1,1
6698,0,0
6699,0,0
6700,1,1
6701,0,0
6702,1,1
6703,1,1
6704,0,0
6705,0,0
6706,0,0
6707,0,0
6708,0,0
6709,1,1
6710,0,0
6711,1,1
6712,1,1
6713,0,0
6714,0,0
6715,0,0
6716,1,0
6717,0,0
6718,1,1
6719,0,0
6720,1,1
6721,1,1
6722,1,1
6723,0,0
6724,1,1
6725,0,0
6726,1,1
6727,0,0
6728,1,1
6729,1,0
6730,1,0
6731,1,1
6732,1,1
6733,0,1
6734,1,1
6735,0,0
6736,1,0
6737,1,1
6738,1,1
6739,1,1
6740,1,1
6741,0,0
6742,1,1
6743,1,1
6744,1,1
6745,1,1
6746,1,1
6747,1,1
6748,1,1
6749,0,1
6750,1,0
6751,1,0
6752,1,1
6753,1,1
6754,0,0
6755,0,0
6756,1,1
6757,1,1
6758,0,0
6759,1,1
6760,0,0
6761,1,1
6762,1,1
6763,0,0
6764,0,0
6765,1,1
6766,1,1
6767,1,1
6768,1,1
6769,1,1
6770,1,1
6771,1,0
6772,0,0
6773,0,0
6774,1,0
6775,0,0
6776,1,1
6777,1,1
6778,1,1
6779,0,1
6780,1,1
6781,1,1
6782,0,0
6783,0,0
6784,0,0
6785,1,1
6786,1,0
6787,0,0
6788,1,1
6789,0,0
6790,0,1
6791,1,1
6792,1,1
6793,1,1
6794,0,0
6795,1,1
6796,1,0
6797,1,1
6798,1,1
6799,0,0
6800,1,1
6801,1,0
6802,0,0
6803,1,1
6804,1,1
6805,0,0
6806,1,0
6807,0,0
6808,1,0
6809,1,1
6810,0,0
6811,1,1
6812,1,1
6813,1,0
6814,1,1
6815,1,1
6816,1,0
6817,0,0
6818,1,0
6819,1,1
6820,1,1
6821,0,0
6822,0,0
6823,1,1
6824,0,0
6825,0,0
6826,1,0
6827,1,1
6828,1,0
6829,0,0
6830,1,1
6831,0,0
6832,1,0
6833,0,0
6834,1,1
6835,1,1
6836,1,0
6837,0,0
6838,0,0
6839,1,1
6840,1,0
6841,1,1
6842,1,0
6843,0,1
6844,1,1
6845,1,0
6846,0,0
6847,1,1
6848,1,1
6849,0,0
6850,1,1
6851,1,0
6852,1,0
6853,0,0
6854,1,0
6855,0,0
6856,0,0
6857,1,0
6858,1,0
6859,1,1
6860,1,1
6861,0,0
6862,1,1
6863,0,0
6864,1,1
6865,1,1
6866,1,1
6867,1,1
6868,0,0
6869,1,1
6870,1,1
6871,0,0
6872,0,0
6873,0,1
6874,1,0
6875,0,0
6876,0,0
6877,1,1
6878,1,1
6879,1,0
6880,0,0
6881,0,0
6882,0,0
6883,1,1
6884,0,0
6885,1,1
6886,0,0
6887,1,0
6888,1,1
6889,1,1
6890,0,0
6891,0,1
6892,1,0
6893,1,1
6894,1,1
6895,1,1
6896,1,0
6897,1,1
6898,1,1
6899,1,0
6900,0,0
6901,1,1
6902,1,0
6903,0,1
6904,0,0
6905,0,0
6906,0,0
6907,0,0
6908,1,1
6909,0,0
6910,1,1
6911,1,1
6912,0,1
6913,0,0
6914,1,1
6915,1,0
6916,1,0
6917,1,1
6918,1,0
6919,1,1
6920,1,1
6921,0,0
6922,0,0
6923,1,1
6924,1,1
6925,1,1
6926,0,0
6927,1,0
6928,1,1
6929,1,1
6930,1,1
6931,0,0
6932,0,0
6933,0,0
6934,1,0
6935,1,1
6936,1,1
6937,1,1
6938,0,0
6939,0,0
6940,0,0
6941,1,1
6942,0,0
6943,1,0
6944,1,1
6945,1,1
6946,1,1
6947,1,0
6948,0,0
6949,0,0
6950,1,0
6951,1,1
6952,1,1
6953,0,0
6954,0,0
6955,0,0
6956,1,1
6957,1,1
6958,1,1
6959,1,0
6960,1,0
6961,0,0
6962,1,0
6963,0,0
6964,0,0
6965,0,0
6966,1,0
6967,1,1
6968,1,1
6969,0,0
6970,0,1
6971,1,1
6972,1,1
6973,1,1
6974,0,1
6975,0,0
6976,1,0
6977,0,0
6978,1,1
6979,1,1
6980,0,1
6981,1,0
6982,1,0
6983,1,1
6984,0,0
6985,1,1
6986,1,0
6987,1,1
6988,1,1
6989,1,0
6990,0,0
6991,0,1
6992,0,0
6993,1,1
6994,1,1
6995,0,0
6996,0,0
6997,1,1
6998,0,0
6999,1,1
7000,0,0
7001,1,1
7002,0,0
7003,0,0
7004,1,0
7005,1,1
7006,0,0
7007,1,1
7008,1,1
7009,0,0
7010,1,0
7011,0,0
7012,0,0
7013,1,0
7014,0,0
7015,1,1
7016,1,1
7017,1,1
7018,1,1
7019,1,1
7020,0,0
7021,1,1
7022,0,0
7023,1,0
7024,1,0
7025,0,0
7026,0,0
7027,0,0
7028,1,1
7029,1,1
7030,1,1
7031,1,1
7032,0,0
7033,0,0
7034,0,0
7035,1,0
7036,1,1
7037,1,1
7038,1,0
7039,1,1
7040,0,0
7041,0,0
7042,1,0
7043,0,0
7044,1,1
7045,0,0
7046,1,1
7047,0,1
7048,0,0
7049,1,1
7050,1,1
7051,1,1
7052,1,1
7053,0,0
7054,0,0
7055,1,0
7056,1,1
7057,0,0
7058,1,1
7059,0,1
7060,1,1
7061,1,1
7062,1,1
7063,1,0
7064,0,0
7065,1,1
7066,0,0
7067,1,1
7068,1,1
7069,1,1
7070,1,0
7071,1,0
7072,0,0
7073,1,1
7074,0,0
7075,0,0
7076,1,1
7077,1,1
7078,1,1
7079,0,0
7080,1,1
7081,1,1
7082,0,0
7083,0,0
7084,0,0
7085,1,1
7086,1,1
7087,1,0
7088,0,0
7089,1,1
7090,1,1
7091,1,1
7092,0,0
7093,0,0
7094,1,1
7095,1,1
7096,0,0
7097,1,1
7098,0,0
7099,1,1
7100,1,1
7101,0,0
7102,1,1
7103,1,0
7104,1,1
7105,1,0
7106,0,0
7107,0,0
7108,0,1
7109,0,0
7110,1,1
7111,0,0
7112,1,1
7113,1,1
7114,0,0
7115,0,0
7116,0,0
7117,0,0
7118,1,1
7119,1,1
7120,1,1
7121,0,1
7122,1,1
7123,1,1
7124,1,1
7125,0,0
7126,1,1
7127,1,1
7128,0,0
7129,1,1
7130,1,1
7131,1,1
7132,1,1
7133,0,1
7134,1,0
7135,0,0
7136,0,0
7137,0,0
7138,1,0
7139,1,1
7140,1,1
7141,1,1
7142,1,1
7143,1,1
7144,1,1
7145,1,1
7146,0,0
7147,1,0
7148,1,1
7149,1,1
7150,1,1
7151,0,1
7152,0,0
7153,1,1
7154,0,0
7155,1,1
7156,0,0
7157,0,0
7158,1,0
7159,0,0
7160,1,1
7161,1,1
7162,1,1
7163,1,1
7164,0,1
7165,1,1
7166,1,1
7167,1,1
7168,1,1
7169,1,1
7170,0,0
7171,1,0
7172,0,0
7173,0,0
7174,0,0
7175,1,0
7176,0,0
7177,1,1
7178,0,0
7179,0,1
7180,1,1
7181,0,0
7182,1,1
7183,1,1
7184,0,1
7185,0,0
7186,0,0
7187,1,1
7188,1,1
7189,1,0
7190,1,1
7191,1,1
7192,0,0
7193,1,1
7194,1,1
7195,1,1
7196,1,0
7197,1,1
7198,0,0
7199,1,0
7200,1,0
7201,0,0
7202,1,1
7203,0,1
7204,1,0
7205,0,0
7206,1,1
7207,0,0
7208,0,0
7209,0,0
7210,0,0
7211,0,1
7212,1,1
7213,0,0
7214,1,0
7215,1,0
7216,0,0
7217,1,1
7218,0,0
7219,1,1
7220,1,1
7221,1,0
7222,1,1
7223,0,0
7224,0,0
7225,1,0
7226,1,0
7227,1,0
7228,1,0
7229,0,0
7230,0,0
7231,1,0
7232,1,0
7233,1,1
7234,1,1
7235,1,1
7236,1,1
7237,1,1
7238,1,1
7239,0,0
7240,0,0
7241,1,1
7242,0,0
7243,0,0
7244,1,0
7245,1,1
7246,1,0
7247,1,1
7248,1,0
7249,1,1
7250,0,0
7251,0,1
7252,0,0
7253,1,1
7254,0,0
7255,0,0
7256,1,0
7257,0,0
7258,1,0
7259,1,0
7260,0,0
7261,1,0
7262,0,0
7263,0,0
7264,0,0
7265,0,1
7266,1,1
7267,0,0
7268,0,0
7269,0,0
7270,0,0
7271,0,0
7272,0,0
7273,1,1
7274,1,1
7275,1,1
7276,0,0
7277,1,0
7278,0,0
7279,1,1
7280,0,1
7281,0,0
7282,0,0
7283,0,1
7284,1,1
7285,1,0
7286,1,1
7287,0,0
7288,1,0
7289,0,0
7290,1,1
7291,1,1
7292,1,1
7293,0,0
7294,0,0
7295,1,1
7296,1,1
7297,0,0
7298,0,0
7299,1,0
7300,1,0
7301,0,0
7302,1,0
7303,1,0
7304,0,0
7305,1,1
7306,1,1
7307,1,1
7308,0,0
7309,1,0
7310,0,0
7311,1,1
7312,1,0
7313,0,0
7314,1,1
7315,1,1
7316,0,0
7317,0,0
7318,0,0
7319,1,1
7320,0,0
7321,1,0
7322,0,0
7323,1,1
7324,0,1
7325,0,1
7326,0,0
7327,1,1
7328,0,1
7329,0,0
7330,1,1
7331,1,1
7332,1,1
7333,1,1
7334,1,1
7335,1,1
7336,1,0
7337,0,0
7338,1,1
7339,1,1
7340,0,0
7341,1,1
7342,1,1
7343,1,1
7344,1,1
7345,0,0
7346,0,0
7347,0,0
7348,1,1
7349,0,0
7350,1,1
7351,1,1
7352,0,0
7353,1,0
7354,0,0
7355,0,1
7356,1,1
7357,0,0
7358,1,0
7359,0,0
7360,1,1
7361,1,0
7362,0,0
7363,0,0
7364,0,0
7365,1,1
7366,1,1
7367,0,0
7368,0,0
7369,1,1
7370,1,1
7371,1,1
7372,1,1
7373,0,1
7374,0,0
7375,1,0
7376,1,0
7377,0,1
7378,0,0
7379,0,0
7380,0,0
7381,1,1
7382,1,0
7383,1,1
7384,1,1
7385,1,1
7386,1,1
7387,1,1
7388,1,1
7389,0,0
7390,0,0
7391,1,1
7392,1,1
7393,1,0
7394,1,0
7395,0,0
7396,1,1
7397,0,0
7398,1,1
7399,1,1
7400,1,1
7401,0,0
7402,0,0
7403,0,0
7404,1,1
7405,0,0
7406,0,0
7407,1,1
7408,1,1
7409,0,1
7410,1,0
7411,1,0
7412,1,1
7413,0,0
7414,1,0
7415,1,0
7416,1,1
7417,1,1
7418,0,0
7419,1,1
7420,1,1
7421,1,1
7422,1,1
7423,0,0
7424,1,1
7425,0,0
7426,1,1
7427,1,1
7428,0,0
7429,0,0
7430,1,1
7431,0,0
7432,0,0
7433,1,1
7434,1,1
7435,1,0
7436,0,1
7437,1,0
7438,1,1
7439,1,0
7440,0,1
7441,0,1
7442,1,1
7443,1,0
7444,1,1
7445,1,1
7446,0,0
7447,1,1
7448,0,0
7449,0,0
7450,0,0
7451,0,1
7452,1,0
7453,0,0
7454,1,0
7455,1,0
7456,0,0
7457,1,1
7458,0,0
7459,1,1
7460,0,1
7461,1,0
7462,1,1
7463,1,0
7464,1,0
7465,0,0
7466,0,0
7467,1,0
7468,1,1
7469,1,0
7470,0,0
7471,1,1
7472,1,1
7473,0,0
7474,1,1
7475,0,0
7476,0,0
7477,1,1
7478,0,0
7479,1,1
7480,1,1
7481,1,0
7482,1,1
7483,0,0
7484,0,0
7485,0,0
7486,1,1
7487,0,0
7488,0,0
7489,0,0
7490,0,0
7491,0,0
7492,1,1
7493,1,1
7494,0,0
7495,0,0
7496,1,1
7497,0,0
7498,1,1
7499,1,1
7500,0,0
7501,1,0
7502,0,0
7503,0,0
7504,1,1
7505,1,0
7506,0,0
7507,0,1
7508,1,0
7509,0,0
7510,1,1
7511,1,1
7512,1,0
7513,1,0
7514,1,1
7515,1,1
7516,0,0
7517,0,0
7518,0,0
7519,1,0
7520,1,1
7521,1,1
7522,1,1
7523,1,1
7524,0,0
7525,1,0
7526,1,1
7527,1,1
7528,1,0
7529,0,0
7530,1,1
7531,0,1
7532,0,0
7533,1,0
7534,1,1
7535,0,0
7536,1,1
7537,0,0
7538,1,1
7539,1,0
7540,0,0
7541,1,1
7542,0,0
7543,1,1
7544,0,0
7545,1,1
7546,1,0
7547,0,1
7548,1,1
7549,0,0
7550,1,1
7551,1,0
7552,1,1
7553,0,0
7554,1,1
7555,1,1
7556,1,1
7557,1,1
7558,1,0
7559,0,0
7560,1,1
7561,0,0
7562,0,0
7563,0,0
7564,1,1
7565,0,0
7566,1,0
7567,1,1
7568,1,1
7569,0,0
7570,1,0
7571,1,0
7572,1,1
7573,1,1
7574,0,0
7575,0,0
7576,0,1
7577,1,0
7578,1,1
7579,1,1
7580,1,1
7581,1,1
7582,1,1
7583,0,0
7584,1,0
7585,0,0
7586,1,1
7587,1,1
7588,1,1
7589,0,0
7590,1,1
7591,1,1
7592,1,1
7593,1,1
7594,1,1
7595,1,0
7596,1,1
7597,1,0
7598,0,0
7599,1,0
7600,1,1
7601,0,0
7602,0,0
7603,1,0
7604,0,0
7605,1,0
7606,1,1
7607,0,0
7608,0,0
7609,1,1
7610,1,1
7611,0,0
7612,1,0
7613,0,0
7614,1,0
7615,1,0
7616,0,0
7617,1,1
7618,0,0
7619,1,0
7620,1,1
7621,0,0
7622,0,1
7623,1,1
7624,1,0
7625,1,1
7626,1,1
7627,1,1
7628,1,0
7629,0,0
7630,1,1
7631,1,1
7632,1,0
7633,0,0
7634,1,1
7635,0,0
7636,1,1
7637,0,0
7638,1,1
7639,0,0
7640,0,0
7641,1,1
7642,1,1
7643,0,0
7644,0,0
7645,1,1
7646,0,0
7647,0,0
7648,1,1
7649,1,1
7650,1,1
7651,0,1
7652,1,1
7653,1,1
7654,0,0
7655,1,1
7656,1,0
7657,1,1
7658,1,1
7659,0,0
7660,0,0
7661,1,1
7662,1,0
7663,1,1
7664,1,1
7665,0,0
7666,0,0
7667,0,0
7668,1,1
7669,1,1
7670,1,0
7671,1,1
7672,1,1
7673,1,1
7674,1,1
7675,0,1
7676,1,1
7677,1,0
7678,0,0
7679,0,0
7680,0,0
7681,1,0
7682,1,1
7683,0,0
7684,1,1
7685,0,1
7686,1,1
7687,0,0
7688,1,0
7689,0,0
7690,1,1
7691,1,1
7692,1,1
7693,1,1
7694,1,0
7695,0,1
7696,0,0
7697,1,1
7698,0,0
7699,0,0
7700,1,1
7701,1,0
7702,0,0
7703,0,0
7704,0,0
7705,0,0
7706,1,1
7707,1,1
7708,0,0
7709,1,0
7710,0,0
7711,1,0
7712,0,0
7713,1,1
7714,1,0
7715,0,0
7716,1,1
7717,0,0
7718,1,0
7719,0,0
7720,0,0
7721,0,0
7722,0,1
7723,1,1
7724,0,0
7725,1,1
7726,0,0
7727,1,1
7728,1,0
7729,1,1
7730,0,1
7731,1,1
7732,1,1
7733,1,1
7734,1,1
7735,0,0
7736,0,1
7737,1,1
7738,1,0
7739,0,0
7740,0,0
7741,1,0
7742,0,0
7743,0,1
7744,1,1
7745,1,1
7746,0,0
7747,0,1
7748,0,0
7749,1,1
7750,0,0
7751,1,1
7752,1,1
7753,1,0
7754,0,0
7755,1,1
7756,1,1
7757,1,1
7758,1,1
7759,1,1
7760,1,1
7761,0,0
7762,0,0
7763,1,0
7764,1,1
7765,1,0
7766,0,1
7767,1,0
7768,1,1
7769,1,1
7770,1,0
7771,1,1
7772,0,0
7773,1,0
7774,1,1
7775,0,0
7776,1,1
7777,1,1
7778,0,0
7779,0,0
7780,0,0
7781,1,0
7782,1,0
7783,0,1
7784,1,0
7785,1,1
7786,0,1
7787,0,0
7788,0,0
7789,1,1
7790,0,0
7791,0,0
7792,0,0
7793,0,0
7794,1,0
7795,1,1
7796,0,0
7797,1,1
7798,1,1
7799,1,1
7800,0,0
7801,0,0
7802,0,0
7803,1,0
7804,1,1
7805,1,1
7806,1,0
7807,0,0
7808,0,0
7809,1,0
7810,0,0
7811,1,1
7812,1,1
7813,1,1
7814,0,0
7815,1,1
7816,1,0
7817,1,1
7818,1,1
7819,0,0
7820,1,1
7821,1,1
7822,0,0
7823,1,1
7824,0,0
7825,0,0
7826,1,1
7827,1,1
7828,1,1
7829,0,0
7830,1,1
7831,1,1
7832,1,1
7833,1,1
7834,1,1
7835,1,1
7836,0,0
7837,1,1
7838,1,1
7839,0,1
7840,0,0
7841,0,0
7842,1,1
7843,0,0
7844,0,0
7845,0,0
7846,1,0
7847,1,1
7848,1,0
7849,1,1
7850,1,1
7851,1,1
7852,1,1
7853,1,0
7854,1,1
7855,0,0
7856,1,1
7857,1,1
7858,1,1
7859,0,1
7860,0,0
7861,0,0
7862,1,1
7863,0,0
7864,1,1
7865,0,0
7866,0,0
7867,0,0
7868,0,1
7869,1,1
7870,0,1
7871,0,0
7872,0,0
7873,0,0
7874,1,0
7875,0,0
7876,1,0
7877,1,1
7878,1,0
7879,0,0
7880,1,1
7881,1,1
7882,1,1
7883,1,1
7884,1,1
7885,1,0
7886,0,0
7887,1,1
7888,0,0
7889,0,0
7890,0,0
7891,0,0
7892,0,0
7893,1,0
7894,0,1
7895,0,0
7896,1,0
7897,1,0
7898,1,1
7899,1,1
7900,1,1
7901,0,0
7902,1,1
7903,1,1
7904,1,0
7905,1,1
7906,1,0
7907,1,1
7908,1,1
7909,1,1
7910,1,0
7911,1,0
7912,1,1
7913,1,1
7914,1,0
7915,1,1
7916,1,0
7917,1,1
7918,1,1
7919,1,1
7920,1,1
7921,0,1
7922,0,0
7923,1,0
7924,0,0
7925,1,1
7926,0,0
7927,0,0
7928,1,1
7929,0,0
7930,1,1
7931,0,0
7932,1,1
7933,1,1
7934,1,1
7935,0,0
7936,0,0
7937,0,0
7938,1,1
7939,0,0
7940,1,0
7941,1,0
7942,0,0
7943,1,1
7944,1,1
7945,1,1
7946,1,1
7947,1,1
7948,1,0
7949,0,0
7950,0,0
7951,1,1
7952,1,1
7953,1,0
7954,0,0
7955,1,1
7956,1,0
7957,1,0
7958,0,1
7959,1,0
7960,1,1
7961,0,0
7962,1,1
7963,1,0
7964,1,1
7965,1,1
7966,0,1
7967,1,1
7968,0,0
7969,1,1
7970,0,0
7971,0,1
7972,0,0
7973,1,0
7974,1,1
7975,0,0
7976,1,1
7977,1,1
7978,1,1
7979,0,1
7980,1,1
7981,0,0
7982,0,1
7983,1,1
7984,1,1
7985,0,0
7986,1,0
7987,1,1
7988,1,0
7989,1,0
7990,1,1
7991,1,0
7992,1,1
7993,0,0
7994,0,0
7995,0,0
7996,1,1
7997,1,1
7998,0,0
7999,0,0
8000,1,1
8001,1,0
8002,0,0
8003,1,1
8004,1,1
8005,0,0
8006,0,0
8007,0,0
8008,1,1
8009,0,0
8010,1,0
8011,1,1
8012,0,0
8013,0,0
8014,1,1
8015,0,0
8016,1,1
8017,1,1
8018,1,1
8019,0,0
8020,0,0
8021,1,0
8022,1,1
8023,0,0
8024,1,1
8025,0,0
8026,1,0
8027,1,0
8028,1,1
8029,0,1
8030,1,1
8031,1,1
8032,0,0
8033,0,0
8034,1,1
8035,1,1
8036,0,0
8037,1,0
8038,0,0
8039,0,0
8040,0,0
8041,1,0
8042,1,1
8043,1,0
8044,1,1
8045,1,1
8046,1,1
8047,0,0
8048,1,1
8049,1,1
8050,1,1
8051,1,1
8052,1,1
8053,1,1
8054,1,1
8055,0,0
8056,1,0
8057,0,0
8058,1,1
8059,0,0
8060,1,1
8061,0,0
8062,1,1
8063,0,0
8064,1,1
8065,1,1
8066,1,1
8067,0,0
8068,1,1
8069,0,0
8070,1,1
8071,0,0
8072,1,1
8073,1,0
8074,1,0
8075,1,1
8076,1,1
8077,0,0
8078,1,1
8079,1,1
8080,1,0
8081,1,1
8082,0,0
8083,1,1
8084,1,0
8085,1,0
8086,1,0
8087,0,0
8088,0,0
8089,0,0
8090,0,1
8091,1,1
8092,0,0
8093,0,0
8094,0,0
8095,1,1
8096,1,1
8097,1,1
8098,1,1
8099,1,1
8100,1,1
8101,1,1
8102,1,1
8103,1,1
8104,0,1
8105,1,1
8106,1,1
8107,1,1
8108,0,0
8109,0,1
8110,1,1
8111,1,1
8112,1,0
8113,1,0
8114,1,1
8115,0,0
8116,0,1
8117,1,1
8118,1,1
8119,1,1
8120,0,0
8121,1,1
8122,0,0
8123,1,1
8124,1,1
8125,1,1
8126,1,0
8127,0,1
8128,0,0
8129,1,1
8130,0,1
8131,1,1
8132,1,0
8133,0,1
8134,1,1
8135,1,1
8136,1,0
8137,1,1
8138,0,0
8139,1,1
8140,1,0
8141,0,0
8142,1,0
8143,1,0
8144,1,0
8145,0,0
8146,1,1
8147,1,1
8148,0,0
8149,1,0
8150,1,1
8151,1,0
8152,1,1
8153,0,0
8154,1,1
8155,0,0
8156,0,0
8157,1,1
8158,1,0
8159,1,1
8160,1,0
8161,0,0
8162,0,0
8163,1,1
8164,1,1
8165,1,1
8166,1,1
8167,1,1
8168,0,0
8169,1,1
8170,1,1
8171,0,0
8172,1,1
8173,0,0
8174,0,0
8175,0,0
8176,1,0
8177,1,1
8178,1,1
8179,1,0
8180,1,1
8181,1,1
8182,1,1
8183,1,1
8184,1,1
8185,0,0
8186,0,0
8187,1,0
8188,0,0
8189,0,1
8190,0,0
8191,1,0
8192,1,1
8193,0,0
8194,1,0
8195,1,1
8196,1,1
8197,1,1
8198,0,0
8199,1,1
8200,0,0
8201,1,0
8202,1,1
8203,1,0
8204,1,1
8205,0,0
8206,1,0
8207,0,0
8208,1,1
8209,1,1
8210,1,0
8211,0,0
8212,0,0
8213,0,0
8214,0,0
8215,1,0
8216,1,1
8217,1,1
8218,0,0
8219,1,1
8220,1,1
8221,0,0
8222,0,1
8223,1,1
8224,0,0
8225,0,0
8226,0,0
8227,1,1
8228,1,1
8229,0,0
8230,1,0
8231,1,1
8232,0,0
8233,0,0
8234,1,0
8235,0,0
8236,1,1
8237,0,1
8238,0,1
8239,0,1
8240,1,1
8241,0,1
8242,1,1
8243,1,0
8244,1,0
8245,1,0
8246,0,0
8247,1,1
8248,0,0
8249,0,0
8250,1,0
8251,0,0
8252,0,0
8253,0,1
8254,1,1
8255,1,0
8256,1,1
8257,1,1
8258,1,0
8259,0,0
8260,0,0
8261,0,0
8262,1,1
8263,0,0
8264,0,1
8265,1,1
8266,0,0
8267,1,1
8268,1,1
8269,0,0
8270,1,1
8271,1,1
8272,1,1
8273,0,1
8274,0,0
8275,1,1
8276,1,1
8277,1,1
8278,0,0
8279,0,0
8280,1,1
8281,1,1
8282,1,1
8283,1,0
8284,1,1
8285,1,1
8286,1,0
8287,1,0
8288,0,1
8289,1,1
8290,0,0
8291,0,0
8292,0,0
8293,1,1
8294,1,0
8295,1,1
8296,1,1
8297,1,1
8298,0,0
8299,0,0
8300,1,1
8301,1,1
8302,1,1
8303,0,0
8304,0,0
8305,0,0
8306,1,0
8307,1,1
8308,0,1
8309,1,1
8310,1,1
8311,1,1
8312,1,1
8313,1,1
8314,0,1
8315,1,1
8316,1,1
8317,1,1
8318,1,0
8319,1,1
8320,0,0
8321,0,0
8322,1,1
8323,0,1
8324,1,1
8325,1,1
8326,1,1
8327,1,1
8328,1,1
8329,1,1
8330,1,0
8331,0,0
8332,1,1
8333,1,0
8334,1,0
8335,1,1
8336,1,1
8337,1,1
8338,1,1
8339,1,0
8340,1,1
8341,0,0
8342,1,1
8343,1,0
8344,1,1
8345,0,0
8346,0,0
8347,0,1
8348,1,1
8349,0,0
8350,0,0
8351,1,1
8352,0,0
8353,1,0
8354,0,0
8355,0,0
8356,1,1
8357,0,1
8358,1,1
8359,1,0
8360,0,0
8361,1,0
8362,1,1
8363,0,0
8364,0,0
8365,0,1
8366,0,1
8367,1,1
8368,0,0
8369,1,0
8370,0,0
8371,1,1
8372,0,0
8373,0,0
8374,1,0
8375,0,0
8376,1,0
8377,1,1
8378,0,0
8379,0,0
8380,0,0
8381,0,0
8382,1,1
8383,0,1
8384,1,0
8385,1,1
8386,1,0
8387,1,0
8388,1,1
8389,1,1
8390,0,0
8391,1,1
8392,1,1
8393,1,1
8394,0,0
8395,1,1
8396,0,0
8397,1,0
8398,1,0
8399,1,1
8400,0,0
8401,0,0
8402,0,0
8403,0,0
8404,0,1
8405,0,0
8406,1,0
8407,0,0
8408,1,1
8409,0,0
8410,0,0
8411,1,0
8412,1,1
8413,0,0
8414,0,0
8415,1,0
8416,0,0
8417,0,1
8418,0,0
8419,0,0
8420,1,1
8421,1,1
8422,0,0
8423,1,1
8424,1,0
8425,1,0
8426,1,1
8427,1,1
8428,0,1
8429,0,0
8430,1,1
8431,1,1
8432,1,1
8433,0,0
8434,1,1
8435,0,0
8436,1,1
8437,0,0
8438,1,1
8439,0,0
8440,1,0
8441,1,1
8442,1,1
8443,1,1
8444,1,0
8445,1,0
8446,1,0
8447,1,1
8448,1,0
8449,0,0
8450,1,1
8451,1,0
8452,0,0
8453,1,0
8454,1,0
8455,0,0
8456,1,1
8457,1,1
8458,1,1
8459,1,1
8460,1,0
8461,1,1
8462,0,0
8463,0,0
8464,0,1
8465,0,0
8466,1,1
8467,1,1
8468,1,1
8469,1,1
8470,0,0
8471,1,1
8472,1,0
8473,0,0
8474,1,1
8475,1,0
8476,0,0
8477,0,0
8478,1,1
8479,0,0
8480,1,1
8481,1,1
8482,1,1
8483,1,0
8484,1,1
8485,1,1
8486,1,1
8487,1,1
8488,0,1
8489,1,1
8490,1,1
8491,0,0
8492,1,1
8493,1,1
8494,1,1
8495,1,1
8496,0,0
8497,1,1
8498,1,1
8499,0,1
8500,1,1
8501,0,0
8502,1,1
8503,1,0
8504,1,0
8505,1,0
8506,1,1
8507,1,0
8508,1,1
8509,1,0
8510,0,0
8511,1,1
8512,0,0
8513,1,1
8514,0,0
8515,1,1
8516,0,1
8517,0,0
8518,1,1
8519,0,1
8520,1,1
8521,0,0
8522,1,1
8523,0,0
8524,1,1
8525,0,0
8526,0,0
8527,0,0
8528,1,1
8529,1,1
8530,1,1
8531,1,1
8532,0,1
8533,0,0
8534,1,1
8535,1,0
8536,0,0
8537,1,1
8538,1,0
8539,1,1
8540,0,1
8541,1,0
8542,0,0
8543,1,0
8544,1,1
8545,1,1
8546,0,0
8547,1,1
8548,1,1
8549,1,1
8550,0,0
8551,1,1
8552,1,1
8553,0,1
8554,1,1
8555,0,0
8556,1,1
8557,0,0
8558,0,0
8559,0,0
8560,0,0
8561,1,1
8562,1,1
8563,1,1
8564,1,1
8565,0,0
8566,0,0
8567,1,1
8568,0,0
8569,1,1
8570,1,1
8571,1,1
8572,1,1
8573,1,1
8574,1,1
8575,1,0
8576,0,0
8577,1,0
8578,1,1
8579,0,0
8580,0,0
8581,1,1
8582,1,0
8583,1,0
8584,0,0
8585,0,0
8586,1,0
8587,1,1
8588,0,0
8589,1,1
8590,1,1
8591,0,0
8592,1,1
8593,1,1
8594,1,1
8595,1,1
8596,1,1
8597,1,1
8598,1,1
8599,1,0
8600,1,1
8601,1,1
8602,1,1
8603,0,0
8604,1,1
8605,1,0
8606,1,1
8607,0,0
8608,1,1
8609,1,1
8610,1,0
8611,0,1
8612,0,0
8613,0,0
8614,0,0
8615,0,0
8616,1,1
8617,1,1
8618,1,1
8619,1,1
8620,1,1
8621,0,0
8622,1,1
8623,0,0
8624,0,0
8625,0,0
8626,1,1
8627,0,0
8628,1,0
8629,0,0
8630,1,1
8631,1,1
8632,1,1
8633,0,0
8634,1,1
8635,0,0
8636,0,0
8637,1,0
8638,0,0
8639,1,1
8640,1,0
8641,1,1
8642,0,0
8643,1,1
8644,1,1
8645,1,0
8646,1,0
8647,0,0
8648,1,1
8649,1,0
8650,0,0
8651,0,0
8652,1,1
8653,1,0
8654,1,1
8655,1,0
8656,0,0
8657,1,1
8658,1,1
8659,0,0
8660,0,0
8661,1,0
8662,0,0
8663,1,0
8664,1,1
8665,1,0
8666,0,0
8667,1,1
8668,1,1
8669,1,1
8670,0,0
8671,1,1
8672,1,1
8673,0,0
8674,1,0
8675,1,0
8676,1,1
8677,1,1
8678,1,0
8679,1,1
8680,1,0
8681,0,0
8682,0,0
8683,1,1
8684,0,0
8685,1,1
8686,1,0
8687,1,1
8688,1,1
8689,0,0
8690,1,1
8691,0,1
8692,1,1
8693,1,1
8694,1,1
8695,1,1
8696,0,0
8697,0,0
8698,0,0
8699,1,0
8700,1,1
8701,1,1
8702,0,0
8703,0,1
8704,1,0
8705,1,1
8706,1,1
8707,1,1
8708,0,0
8709,1,0
8710,0,0
8711,0,0
8712,1,1
8713,1,0
8714,1,0
8715,0,0
8716,0,0
8717,0,0
8718,1,0
8719,1,1
8720,1,1
8721,1,0
8722,1,0
8723,1,1
8724,0,0
8725,0,0
8726,1,1
8727,1,1
8728,1,1
8729,1,1
8730,1,1
8731,1,1
8732,1,1
8733,1,1
8734,1,1
8735,1,1
8736,1,0
8737,1,1
8738,1,0
8739,1,1
8740,1,0
8741,0,0
8742,1,0
8743,0,0
8744,1,1
8745,1,0
8746,1,0
8747,1,1
8748,1,1
8749,1,1
8750,1,0
8751,1,1
8752,0,0
8753,1,0
8754,0,0
8755,0,0
8756,0,0
8757,1,1
8758,0,0
8759,0,0
8760,0,0
8761,0,0
8762,0,0
8763,1,0
8764,1,1
8765,1,1
8766,1,1
8767,1,1
8768,1,0
8769,1,1
8770,0,1
8771,0,0
8772,1,1
8773,1,0
8774,1,1
8775,1,1
8776,1,0
8777,0,0
8778,1,1
8779,1,1
8780,1,1
8781,1,1
8782,0,0
8783,1,1
8784,0,0
8785,0,0
8786,1,1
8787,1,0
8788,1,1
8789,0,1
8790,1,0
8791,1,1
8792,1,0
8793,0,0
8794,0,0
8795,1,0
8796,1,1
8797,0,0
8798,1,1
8799,0,0
8800,1,1
8801,1,0
8802,1,1
8803,0,0
8804,0,0
8805,1,1
8806,1,1
8807,0,0
8808,1,1
8809,0,1
8810,1,0
8811,1,1
8812,0,0
8813,0,0
8814,1,1
8815,0,0
8816,1,1
8817,0,0
8818,1,1
8819,1,1
8820,0,1
8821,0,0
8822,0,0
8823,0,0
8824,1,1
8825,1,0
8826,1,1
8827,1,0
8828,1,0
8829,0,0
8830,1,1
8831,1,1
8832,1,1
8833,0,0
8834,1,1
8835,1,0
8836,1,1
8837,0,0
8838,1,1
8839,0,0
8840,1,0
8841,1,0
8842,1,1
8843,0,0
8844,0,0
8845,0,0
8846,0,0
8847,1,1
8848,1,1
8849,1,1
8850,1,0
8851,1,1
8852,1,0
8853,0,0
8854,0,0
8855,1,1
8856,1,1
8857,0,0
8858,0,0
8859,0,0
8860,0,0
8861,0,1
8862,1,1
8863,0,0
8864,1,0
8865,0,0
8866,1,1
8867,0,1
8868,0,0
8869,0,1
8870,1,1
8871,1,1
8872,1,1
8873,0,0
8874,0,0
8875,1,0
8876,0,0
8877,1,1
8878,0,0
8879,1,0
8880,1,0
8881,1,1
8882,0,1
8883,0,0
8884,0,0
8885,1,1
8886,0,1
8887,0,1
8888,1,1
8889,1,1
8890,1,1
8891,0,0
8892,0,0
8893,1,1
8894,0,1
8895,1,0
8896,1,0
8897,0,0
8898,1,1
8899,1,0
8900,0,0
8901,0,0
8902,0,0
8903,0,0
8904,1,1
8905,0,0
8906,1,1
8907,0,0
8908,1,1
8909,1,1
8910,1,0
8911,1,1
8912,1,1
8913,1,1
8914,0,0
8915,0,0
8916,1,1
8917,0,0
8918,0,1
8919,0,0
8920,1,1
8921,1,1
8922,1,1
8923,1,1
8924,1,0
8925,0,0
8926,1,1
8927,0,0
8928,0,0
8929,1,1
8930,1,1
8931,0,0
8932,0,0
8933,0,1
8934,1,0
8935,1,0
8936,1,0
8937,1,0
8938,0,0
8939,0,0
8940,1,1
8941,1,1
8942,0,0
8943,1,0
8944,0,0
8945,1,1
8946,0,0
8947,1,1
8948,1,0
8949,0,0
8950,1,0
8951,1,1
8952,0,0
8953,1,1
8954,1,0
8955,1,1
8956,0,0
8957,1,1
8958,1,1
8959,1,0
8960,1,1
8961,0,1
8962,0,0
8963,1,0
8964,1,1
8965,0,1
8966,0,1
8967,0,0
8968,0,0
8969,1,1
8970,1,1
8971,1,0
8972,1,1
8973,0,0
8974,0,0
8975,1,1
8976,0,0
8977,0,0
8978,1,1
8979,0,1
8980,1,1
8981,1,1
8982,1,1
8983,1,0
8984,0,0
8985,1,0
8986,1,0
8987,1,1
8988,1,1
8989,0,0
8990,1,1
8991,1,1
8992,1,1
8993,0,1
8994,0,0
8995,1,1
8996,1,0
8997,1,1
8998,1,1
8999,0,0
9000,1,0
9001,0,0
9002,1,1
9003,1,0
9004,0,0
9005,0,0
9006,1,1
9007,1,1
9008,0,0
9009,1,0
9010,0,1
9011,0,0
9012,0,0
9013,1,1
9014,1,1
9015,0,0
9016,0,0
9017,1,1
9018,0,0
9019,0,1
9020,1,1
9021,0,0
9022,1,1
9023,1,0
9024,1,1
9025,0,0
9026,0,0
9027,0,1
9028,0,0
9029,1,0
9030,0,0
9031,0,0
9032,1,1
9033,0,0
9034,1,1
9035,1,1
9036,1,0
9037,0,0
9038,1,0
9039,1,0
9040,1,1
9041,0,0
9042,1,0
9043,0,0
9044,0,0
9045,1,1
9046,0,0
9047,0,0
9048,1,0
9049,0,1
9050,1,1
9051,1,1
9052,1,0
9053,1,1
9054,0,0
9055,1,0
9056,1,0
9057,0,0
9058,0,0
9059,1,0
9060,0,0
9061,1,1
9062,0,0
9063,1,1
9064,1,1
9065,0,0
9066,0,0
9067,0,0
9068,1,1
9069,1,1
9070,0,0
9071,0,0
9072,0,0
9073,1,0
9074,0,0
9075,0,0
9076,0,0
9077,1,0
9078,1,1
9079,0,1
9080,0,1
9081,0,1
9082,1,1
9083,1,0
9084,1,1
9085,1,1
9086,0,0
9087,0,0
9088,1,0
9089,1,0
9090,0,0
9091,1,1
9092,1,1
9093,0,0
9094,1,1
9095,1,1
9096,0,0
9097,1,1
9098,1,1
9099,0,0
9100,1,1
9101,0,0
9102,1,1
9103,0,0
9104,0,0
9105,1,1
9106,1,1
9107,1,1
9108,1,1
9109,1,0
9110,0,1
9111,1,1
9112,1,1
9113,1,1
9114,0,0
9115,0,0
9116,0,0
9117,1,1
9118,1,0
9119,0,0
9120,1,0
9121,0,0
9122,0,0
9123,1,0
9124,1,0
9125,0,0
9126,0,0
9127,1,0
9128,1,1
9129,0,0
9130,1,1
9131,0,0
9132,1,0
9133,0,1
9134,0,0
9135,1,1
9136,1,1
9137,0,0
9138,0,1
9139,1,1
9140,1,1
9141,1,1
9142,1,1
9143,1,1
9144,1,1
9145,1,1
9146,1,1
9147,1,0
9148,1,0
9149,0,0
9150,1,0
9151,0,0
9152,1,1
9153,1,0
9154,0,0
9155,1,1
9156,1,1
9157,1,1
9158,1,1
9159,0,0
9160,0,0
9161,0,0
9162,0,0
9163,1,1
9164,0,0
9165,0,0
9166,1,1
9167,1,1
9168,1,1
9169,1,1
9170,0,0
9171,1,0
9172,1,1
9173,0,0
9174,1,1
9175,1,1
9176,0,1
9177,1,1
9178,1,0
9179,0,0
9180,1,0
9181,1,1
9182,1,1
9183,1,0
9184,1,0
9185,1,1
9186,0,0
9187,0,0
9188,1,1
9189,1,1
9190,1,1
9191,1,0
9192,0,0
9193,0,0
9194,1,1
9195,1,1
9196,1,0
9197,0,0
9198,0,0
9199,1,1
9200,0,0
9201,1,1
9202,1,0
9203,1,1
9204,1,1
9205,1,1
9206,1,1
9207,1,1
9208,1,0
9209,0,0
9210,1,1
9211,1,1
9212,1,1
9213,0,0
9214,1,0
9215,1,1
9216,0,0
9217,1,1
9218,1,1
9219,0,0
9220,1,1
9221,0,0
9222,0,1
9223,1,1
9224,1,0
9225,1,1
9226,1,0
9227,1,1
9228,1,0
9229,0,0
9230,0,1
9231,1,0
9232,1,1
9233,0,0
9234,0,0
9235,1,1
9236,1,1
9237,0,0
9238,1,0
9239,1,1
9240,0,0
9241,1,0
9242,1,1
9243,1,1
9244,1,0
9245,1,0
9246,1,1
9247,0,0
9248,1,1
9249,1,1
9250,1,1
9251,1,1
9252,1,0
9253,1,1
9254,1,1
9255,0,0
9256,1,0
9257,1,1
9258,1,0
9259,1,1
9260,0,0
9261,1,1
9262,0,0
9263,0,0
9264,1,1
9265,1,1
9266,0,1
9267,1,1
9268,0,0
9269,1,1
9270,0,0
9271,0,0
9272,1,1
9273,1,1
9274,1,1
9275,1,0
9276,1,1
9277,0,0
9278,0,0
9279,0,0
9280,0,0
9281,1,1
9282,0,0
9283,0,0
9284,0,0
9285,0,0
9286,0,0
9287,0,0
9288,0,0
9289,1,1
9290,1,1
9291,1,1
9292,1,1
9293,1,1
9294,1,1
9295,1,1
9296,1,1
9297,1,0
9298,1,1
9299,0,0
9300,1,0
9301,0,1
9302,1,1
9303,0,0
9304,1,1
9305,1,1
9306,0,0
9307,1,1
9308,1,0
9309,1,1
9310,0,1
9311,1,1
9312,1,0
9313,1,1
9314,0,0
9315,0,0
9316,0,1
9317,0,0
9318,1,1
9319,1,0
9320,1,1
9321,0,0
9322,1,0
9323,0,0
9324,1,1
9325,0,0
9326,1,1
9327,0,1
9328,1,1
9329,1,0
9330,0,0
9331,1,1
9332,1,1
9333,0,0
9334,0,0
9335,1,0
9336,1,1
9337,0,0
9338,0,0
9339,0,0
9340,0,0
9341,0,0
9342,0,0
9343,1,1
9344,1,1
9345,1,1
9346,1,0
9347,1,1
9348,0,0
9349,1,1
9350,1,1
9351,1,1
9352,0,0
9353,1,1
9354,1,0
9355,1,1
9356,0,0
9357,1,0
9358,1,1
9359,1,1
9360,0,0
9361,1,0
9362,1,1
9363,1,1
9364,1,1
9365,0,0
9366,0,0
9367,0,0
9368,1,0
9369,0,0
9370,1,1
9371,0,0
9372,1,1
9373,1,1
9374,1,0
9375,1,1
9376,1,1
9377,0,0
9378,0,0
9379,0,0
9380,0,1
9381,1,1
9382,0,0
9383,1,1
9384,0,0
9385,1,0
9386,1,1
9387,1,0
9388,1,1
9389,1,0
9390,0,0
9391,1,0
9392,1,1
9393,0,0
9394,0,0
9395,0,0
9396,1,1
9397,0,0
9398,1,0
9399,0,0
9400,1,1
9401,1,0
9402,0,0
9403,1,1
9404,1,1
9405,1,1
9406,1,0
9407,1,1
9408,1,0
9409,0,0
9410,1,1
9411,0,0
9412,1,1
9413,0,0
9414,0,0
9415,1,0
9416,0,0
9417,0,0
9418,1,1
9419,1,1
9420,1,1
9421,0,0
9422,1,1
9423,1,1
9424,1,0
9425,0,0
9426,0,1
9427,1,1
9428,1,1
9429,0,1
9430,1,1
9431,1,1
9432,0,0
9433,0,0
9434,1,1
9435,1,1
9436,1,1
9437,0,0
9438,0,0
9439,1,1
9440,1,0
9441,1,1
9442,0,0
9443,0,0
9444,0,1
9445,1,1
9446,1,1
9447,1,1
9448,1,1
9449,1,1
9450,1,0
9451,1,1
9452,0,0
9453,1,0
9454,1,1
9455,1,1
9456,1,1
9457,1,0
9458,0,0
9459,0,0
9460,1,1
9461,1,1
9462,1,1
9463,0,1
9464,0,1
9465,0,0
9466,1,0
9467,1,1
9468,1,1
9469,1,1
9470,0,0
9471,0,0
9472,0,1
9473,1,1
9474,0,0
9475,0,0
9476,1,1
9477,1,1
9478,1,1
9479,1,0
9480,0,0
9481,1,0
9482,1,1
9483,1,1
9484,0,0
9485,1,1
9486,0,0
9487,1,1
9488,1,0
9489,1,1
9490,1,1
9491,1,1
9492,1,1
9493,1,1
9494,1,1
9495,1,1
9496,1,1
9497,1,0
9498,1,1
9499,1,0
9500,1,0
9501,0,0
9502,0,0
9503,0,0
9504,1,1
9505,1,1
9506,0,0
9507,1,0
9508,0,0
9509,1,1
9510,0,0
9511,1,1
9512,1,1
9513,1,1
9514,1,0
9515,0,0
9516,1,0
9517,1,1
9518,1,0
9519,1,1
9520,1,0
9521,1,0
9522,0,1
9523,1,0
9524,0,0
9525,1,1
9526,1,1
9527,0,0
9528,0,0
9529,0,0
9530,1,0
9531,1,0
9532,1,1
9533,1,1
9534,1,1
9535,1,1
9536,1,1
9537,1,0
9538,1,0
9539,1,1
9540,0,0
9541,1,1
9542,1,1
9543,1,0
9544,0,0
9545,1,1
9546,1,1
9547,1,0
9548,1,1
9549,1,1
9550,1,1
9551,1,0
9552,1,1
9553,1,1
9554,1,1
9555,0,0
9556,1,0
9557,1,1
9558,0,0
9559,1,1
9560,1,0
9561,0,0
9562,0,0
9563,1,1
9564,1,1
9565,0,0
9566,0,0
9567,1,1
9568,1,1
9569,0,0
9570,1,1
9571,1,1
9572,1,0
9573,1,1
9574,1,0
9575,0,0
9576,1,1
9577,1,1
9578,0,0
9579,1,0
9580,1,0
9581,1,1
9582,1,0
9583,1,1
9584,1,1
9585,1,0
9586,1,1
9587,1,1
9588,0,1
9589,0,0
9590,0,0
9591,1,0
9592,1,0
9593,0,0
9594,1,1
9595,0,0
9596,1,1
9597,1,0
9598,1,1
9599,0,0
9600,1,1
9601,0,0
9602,1,1
9603,1,1
9604,1,1
9605,0,0
9606,1,1
9607,0,1
9608,1,0
9609,0,0
9610,0,1
9611,1,0
9612,1,1
9613,0,0
9614,1,1
9615,0,0
9616,0,0
9617,0,0
9618,1,0
9619,0,1
9620,1,0
9621,0,0
9622,0,0
9623,1,0
9624,0,0
9625,0,0
9626,1,1
9627,0,0
9628,1,1
9629,1,0
9630,0,1
9631,1,0
9632,1,1
9633,0,0
9634,1,1
9635,1,1
9636,1,0
9637,0,0
9638,0,0
9639,0,0
9640,1,0
9641,1,1
9642,1,1
9643,1,1
9644,1,1
9645,0,0
9646,1,1
9647,0,0
9648,0,0
9649,1,1
9650,1,1
9651,1,1
9652,0,0
9653,0,1
9654,1,1
9655,1,1
9656,0,0
9657,0,0
9658,1,1
9659,1,1
9660,0,0
9661,1,1
9662,0,0
9663,0,0
9664,1,1
9665,1,1
9666,1,0
9667,1,0
9668,1,1
9669,0,0
9670,1,0
9671,1,0
9672,0,0
9673,1,1
9674,0,0
9675,0,1
9676,1,1
9677,1,0
9678,0,0
9679,1,1
9680,0,0
9681,0,0
9682,0,0
9683,0,0
9684,0,0
9685,1,1
9686,1,1
9687,0,0
9688,1,1
9689,1,1
9690,0,1
9691,1,0
9692,1,1
9693,1,1
9694,1,1
9695,1,1
9696,1,1
9697,1,1
9698,1,1
9699,1,1
9700,1,0
9701,0,0
9702,1,0
9703,0,0
9704,0,0
9705,0,0
9706,0,0
9707,1,1
9708,0,0
9709,1,1
9710,1,1
9711,1,0
9712,0,0
9713,0,0
9714,0,0
9715,1,0
9716,0,0
9717,1,1
9718,1,1
9719,0,0
9720,0,0
9721,0,0
9722,1,1
9723,1,1
9724,0,0
9725,1,1
9726,1,0
9727,1,1
9728,0,0
9729,0,0
9730,0,1
9731,1,1
9732,1,1
9733,0,0
9734,0,0
9735,1,1
9736,1,1
9737,0,1
9738,0,0
9739,1,1
9740,0,0
9741,0,0
9742,1,1
9743,1,1
9744,0,0
9745,1,1
9746,1,1
9747,1,1
9748,1,1
9749,0,0
9750,1,0
9751,0,1
9752,1,1
9753,1,0
9754,1,0
9755,1,1
9756,1,1
9757,1,0
9758,0,0
9759,1,1
9760,0,0
9761,0,0
9762,0,0
9763,1,1
9764,0,1
9765,1,0
9766,1,1
9767,1,0
9768,1,1
9769,0,0
9770,1,1
9771,0,0
9772,1,1
9773,1,0
9774,1,1
9775,1,1
9776,1,1
9777,1,1
9778,1,1
9779,1,0
9780,0,0
9781,1,1
9782,1,1
9783,0,1
9784,0,0
9785,1,1
9786,1,1
9787,0,0
9788,1,1
9789,0,0
9790,1,0
9791,1,1
9792,1,0
9793,1,1
9794,0,0
9795,1,1
9796,0,0
9797,0,1
9798,0,0
9799,0,0
9800,1,1
9801,1,1
9802,0,1
9803,0,1
9804,1,1
9805,0,0
9806,0,0
9807,1,1
9808,1,1
9809,1,1
9810,0,1
9811,0,1
9812,0,0
9813,1,1
9814,1,1
9815,0,0
9816,1,1
9817,1,1
9818,0,0
9819,1,1
9820,0,0
9821,1,1
9822,1,1
9823,0,0
9824,1,1
9825,1,1
9826,1,1
9827,0,0
9828,1,1
9829,0,0
9830,1,0
9831,1,1
9832,0,0
9833,1,1
9834,0,0
9835,1,0
9836,1,1
9837,1,1
9838,1,1
9839,0,0
9840,0,0
9841,1,1
9842,0,0
9843,0,0
9844,0,0
9845,1,1
9846,0,1
9847,1,1
9848,1,1
9849,1,0
9850,0,1
9851,1,1
9852,1,1
9853,0,1
9854,0,0
9855,1,1
9856,1,1
9857,1,1
9858,0,1
9859,1,1
9860,1,1
9861,1,1
9862,1,1
9863,0,0
9864,0,0
9865,1,1
9866,0,0
9867,1,0
9868,0,0
9869,1,1
9870,0,0
9871,1,0
9872,1,1
9873,0,0
9874,1,0
9875,1,1
9876,1,0
9877,1,1
9878,1,0
9879,1,1
9880,1,1
9881,1,1
9882,0,0
9883,0,0
9884,1,1
9885,1,0
9886,1,1
9887,0,0
9888,0,0
9889,1,1
9890,1,1
9891,0,1
9892,0,0
9893,1,1
9894,1,1
9895,0,0
9896,1,0
9897,1,1
9898,1,0
9899,0,0
9900,0,0
9901,1,0
9902,1,1
9903,0,0
9904,1,1
9905,1,1
9906,0,0
9907,0,1
9908,1,1
9909,0,0
9910,1,1
9911,0,0
9912,0,0
9913,1,1
9914,0,0
9915,1,1
9916,0,0
9917,0,0
9918,1,1
9919,1,1
9920,0,0
9921,1,1
9922,1,0
9923,1,0
9924,1,1
9925,1,1
9926,1,1
9927,0,0
9928,0,0
9929,1,1
9930,1,1
9931,0,0
9932,0,0
9933,1,1
9934,1,1
9935,1,1
9936,0,0
9937,1,1
9938,0,0
9939,0,0
9940,1,1
9941,0,0
9942,1,1
9943,0,0
9944,1,0
9945,1,1
9946,0,0
9947,1,0
9948,1,1
9949,1,0
9950,1,0
9951,1,1
9952,1,0
9953,1,0
9954,1,1
9955,1,1
9956,1,1
9957,1,1
9958,1,1
9959,1,1
9960,0,0
9961,0,0
9962,0,0
9963,0,0
9964,0,0
9965,1,1
9966,1,0
9967,0,0
9968,1,1
9969,1,1
9970,1,1
9971,0,0
9972,0,0
9973,1,1
9974,1,1
9975,1,1
9976,1,0
9977,1,0
9978,1,0
9979,1,0
9980,1,0
9981,1,1
9982,0,0
9983,0,1
9984,1,0
9985,0,0
9986,1,0
9987,1,1
9988,0,0
9989,0,0
9990,0,0
9991,1,1
9992,1,1
9993,1,1
9994,1,1
9995,0,0
9996,0,0
9997,1,1
9998,0,0
9999,0,0
